,line,name,lat,lng,no
0,01호선,소요산,37.9481,127.061034,100
1,01호선,동두천,37.927878,127.05479,101
2,01호선,보산,37.913702,127.057277,102
3,01호선,동두천중앙,37.901885,127.056482,103
4,01호선,지행,37.892334,127.055716,104
5,01호선,덕정,37.843188,127.061277,105
6,01호선,덕계,37.818486,127.056486,106
7,01호선,양주,37.774381,127.044708,107
8,01호선,녹양,37.75938,127.042292,108
9,01호선,가능,37.748577,127.044213,109
10,01호선,의정부,37.738415,127.045958,110
11,01호선,회룡,37.724846,127.046895,111
12,01호선,망월사,37.709914,127.047455,112
13,01호선,도봉산,37.689313,127.046222,113
14,01호선,도봉,37.679563,127.045595,114
15,01호선,방학,37.667503,127.044273,115
16,01호선,창동,37.653166,127.047731,116
17,01호선,녹천,37.644799,127.051269,117
18,01호선,월계,37.633212,127.058831,118
19,01호선,광운대,37.623632,127.061835,119
20,01호선,석계,37.614805,127.065851,120
21,01호선,신이문,37.601854,127.067325,121
22,01호선,외대앞,37.596073,127.063549,122
23,01호선,회기,37.58946,127.057583,123
24,01호선,청량리,37.580178,127.046835,124
25,01호선,제기동,37.578103,127.034893,125
26,01호선,신설동,37.575297,127.025087,126
27,01호선,동묘앞,37.572627,127.016429,127
28,01호선,동대문,37.57142,127.009745,128
29,01호선,종로5가,37.570926,127.001849,129
30,01호선,종로3가,37.571607,126.991806,130
31,01호선,종각,37.570161,126.982923,131
32,01호선,시청,37.564718,126.977108,132
33,01호선,서울역,37.554648,126.972559,133
34,01호선,남영,37.541021,126.9713,134
35,01호선,용산,37.529849,126.964561,135
36,01호선,노량진,37.514219,126.942454,136
37,01호선,대방,37.513342,126.926382,137
38,01호선,신길,37.517122,126.917169,138
39,01호선,영등포,37.515504,126.907628,139
40,01호선,신도림,37.508725,126.891295,140
41,01호선,구로,37.503039,126.881966,141
42,01호선,구일,37.496756,126.870793,142
43,01호선,개봉,37.494594,126.85868,143
44,01호선,오류동,37.494526,126.845365,144
45,01호선,온수,37.492258,126.823388,145
46,01호선,역곡,37.485178,126.811502,146
47,01호선,소사,37.482753,126.79544,147
48,01호선,부천,37.48405,126.782686,148
49,01호선,중동,37.486562,126.764843,149
50,01호선,송내,37.4876,126.753664,150
51,01호선,부개,37.488418,126.74109,151
52,01호선,부평,37.489493,126.724805,152
53,01호선,백운,37.483664,126.707704,153
54,01호선,동암,37.471408,126.702896,154
55,01호선,간석,37.464737,126.694181,155
56,01호선,주안,37.464941,126.679923,156
57,01호선,도화,37.46607,126.668672,157
58,01호선,제물포,37.466769,126.656666,158
59,01호선,도원,37.468446,126.642706,159
60,01호선,동인천,37.475276,126.632802,160
61,01호선,인천,37.476691,126.616936,161
62,01호선,가산디지털단지,37.481072,126.882343,P142
63,01호선,독산,37.466613,126.889249,P143
64,01호선,금천구청,37.455626,126.89398,P144
65,01호선,광명,37.416182,126.884466,P144-1
66,01호선,석수,37.435047,126.902295,P145
67,01호선,관악,37.419232,126.908706,P146
68,01호선,안양,37.401592,126.922874,P147
69,01호선,명학,37.384653,126.935433,P148
70,01호선,금정,37.372221,126.943429,P149
71,01호선,군포,37.35356,126.948462,P150
72,01호선,당정,37.344285,126.948345,P151
73,01호선,의왕,37.320852,126.948217,P152
74,01호선,성균관대,37.300349,126.97075,P153
75,01호선,화서,37.283862,126.989627,P154
76,01호선,수원,37.265974,126.999874,P155
77,01호선,세류,37.245025,127.013222,P156
78,01호선,병점,37.207503,127.032731,P157
79,01호선,서동탄,37.195504,127.051672,P157-1
80,01호선,세마,37.187533,127.04318,P158
81,01호선,오산대,37.168953,127.063197,P159
82,01호선,오산,37.145885,127.06672,P160
83,01호선,진위,37.109447,127.062278,P161
84,01호선,송탄,37.075696,127.054301,P162
85,01호선,서정리,37.056496,127.052819,P163
86,01호선,지제,37.0188,127.070444,P164
87,01호선,평택,36.990726,127.085159,P165
88,01호선,성환,36.916076,127.126964,P166
89,01호선,직산,36.870593,127.143904,P167
90,01호선,두정,36.833705,127.14896,P168
91,01호선,천안,36.810005,127.146826,P169
92,01호선,봉명,36.801215,127.135763,P170
93,01호선,쌍용,36.793759,127.1214,P171
94,01호선,아산,36.792053,127.104361,P172
95,01호선,배방,36.777629,127.052991,P174
96,01호선,온양온천,36.780483,127.003249,P176
97,01호선,신창,36.769502,126.951108,P177
98,02호선,시청,37.564718,126.977108,201
99,02호선,을지로입구,37.566014,126.982618,202
100,02호선,을지로3가,37.566295,126.99191,203
101,02호선,을지로4가,37.566941,126.998079,204
102,02호선,동대문역사문화공원,37.565138,127.007896,205
103,02호선,신당,37.565972,127.01782,206
104,02호선,상왕십리,37.564354,127.029354,207
105,02호선,왕십리,37.561533,127.037732,208
106,02호선,한양대,37.555273,127.043655,209
107,02호선,뚝섬,37.547184,127.047367,210
108,02호선,성수,37.544581,127.055961,211
109,02호선,용답,37.561904,127.050899,211-1
110,02호선,신답,37.57004,127.046481,211-2
111,02호선,용두,37.574028,127.038091,211-3
112,02호선,신설동,37.575297,127.025087,211-4
113,02호선,건대입구,37.540693,127.07023,212
114,02호선,구의,37.537077,127.085916,213
115,02호선,강변,37.535095,127.094681,214
116,02호선,잠실나루,37.520733,127.10379,215
117,02호선,잠실,37.51395,127.102234,216
118,02호선,잠실새내,37.511687,127.086162,217
119,02호선,종합운동장,37.510997,127.073642,218
120,02호선,삼성,37.508844,127.06316,219
121,02호선,선릉,37.504503,127.049008,220
122,02호선,역삼,37.500622,127.036456,221
123,02호선,강남,37.497175,127.027926,222
124,02호선,교대,37.493415,127.01408,223
125,02호선,서초,37.491897,127.007917,224
126,02호선,방배,37.481426,126.997596,225
127,02호선,사당,37.47653,126.981685,226
128,02호선,낙성대,37.47693,126.963693,227
129,02호선,서울대입구,37.481247,126.952739,228
130,02호선,봉천,37.482362,126.941892,229
131,02호선,신림,37.484201,126.929715,230
132,02호선,신대방,37.487462,126.913149,231
133,02호선,구로디지털단지,37.485266,126.901401,232
134,02호선,대림,37.49297,126.895801,233
135,02호선,신도림,37.508725,126.891295,234
136,02호선,도림천,37.514287,126.882768,234-1
137,02호선,양천구청,37.512398,126.865819,234-2
138,02호선,신정네거리,37.520074,126.852912,234-3
139,02호선,까치산,37.531768,126.846683,234-4
140,02호선,문래,37.517933,126.89476,235
141,02호선,영등포구청,37.52497,126.895951,236
142,02호선,당산,37.53438,126.902281,237
143,02호선,합정,37.549463,126.913739,238
144,02호선,홍대입구,37.557192,126.925381,239
145,02호선,신촌,37.555134,126.936893,240
146,02호선,이대,37.556733,126.946013,241
147,02호선,아현,37.557345,126.956141,242
148,02호선,충정로,37.559973,126.963672,243
149,03호선,대화,37.676087,126.747569,309
150,03호선,주엽,37.670072,126.761334,310
151,03호선,정발산,37.659477,126.773359,311
152,03호선,마두,37.652206,126.77762,312
153,03호선,백석,37.643114,126.78787,313
154,03호선,대곡,37.631626,126.811024,314
155,03호선,화정,37.634592,126.83265,315
156,03호선,원당,37.653324,126.843041,316
157,03호선,원흥,37.650658,126.872642,317
158,03호선,삼송,37.653083,126.895558,318
159,03호선,지축,37.648048,126.913951,319
160,03호선,구파발,37.636763,126.918821,320
161,03호선,연신내,37.619001,126.921008,321
162,03호선,불광,37.610469,126.929887,322
163,03호선,녹번,37.600927,126.935756,323
164,03호선,홍제,37.589066,126.943736,324
165,03호선,무악재,37.582299,126.950291,325
166,03호선,독립문,37.574571,126.957748,326
167,03호선,경복궁,37.575762,126.97353,327
168,03호선,안국,37.576477,126.985443,328
169,03호선,종로3가,37.571607,126.991806,329
170,03호선,을지로3가,37.566295,126.99191,330
171,03호선,충무로,37.561243,126.99428,331
172,03호선,동대입구,37.559052,127.005602,332
173,03호선,약수,37.55434,127.010655,333
174,03호선,금호,37.548034,127.015872,334
175,03호선,옥수,37.540685,127.017965,335
176,03호선,압구정,37.527072,127.028461,336
177,03호선,신사,37.516334,127.020114,337
178,03호선,잠원,37.512759,127.01122,338
179,03호선,고속터미널,37.50481,127.004943,339
180,03호선,교대,37.493415,127.01408,340
181,03호선,남부터미널,37.485013,127.016189,341
182,03호선,양재,37.484147,127.034631,342
183,03호선,매봉,37.486947,127.046769,343
184,03호선,도곡,37.490858,127.055381,344
185,03호선,대치,37.494612,127.063642,345
186,03호선,학여울,37.496663,127.070594,346
187,03호선,대청,37.493514,127.079532,347
188,03호선,일원,37.483681,127.08439,348
189,03호선,수서,37.487371,127.10188,349
190,03호선,가락시장,37.492522,127.118234,350
191,03호선,경찰병원,37.495918,127.12454,351
192,03호선,오금,37.502162,127.128111,352
193,04호선,당고개,37.670272,127.079066,409
194,04호선,상계,37.660878,127.073572,410
195,04호선,노원,37.655128,127.061368,411
196,04호선,창동,37.653166,127.047731,412
197,04호선,쌍문,37.648627,127.034709,413
198,04호선,수유,37.638052,127.025732,414
199,04호선,미아,37.62667,127.025983,415
200,04호선,미아사거리,37.613292,127.030053,416
201,04호선,길음,37.603407,127.025053,417
202,04호선,성신여대입구,37.592624,127.016403,418
203,04호선,한성대입구,37.588458,127.006221,419
204,04호선,혜화,37.582336,127.001844,420
205,04호선,동대문,37.57142,127.009745,421
206,04호선,동대문역사문화공원,37.565138,127.007896,422
207,04호선,충무로,37.561243,126.99428,423
208,04호선,명동,37.560989,126.986325,424
209,04호선,회현,37.558514,126.978246,425
210,04호선,서울역,37.554648,126.972559,426
211,04호선,숙대입구,37.54456,126.972106,427
212,04호선,삼각지,37.534777,126.97311,428
213,04호선,신용산,37.52917,126.967894,429
214,04호선,이촌,37.522272,126.974345,430
215,04호선,동작,37.502971,126.979306,431
216,04호선,총신대입구(이수),37.486263,126.981989,432
217,04호선,사당,37.47653,126.981685,433
218,04호선,남태령,37.463873,126.989134,434
219,04호선,선바위,37.451673,127.002303,435
220,04호선,경마공원,37.443885,127.007888,436
221,04호선,대공원,37.435675,127.006523,437
222,04호선,과천,37.433021,126.996568,438
223,04호선,정부과천청사,37.426513,126.98978,439
224,04호선,인덕원,37.401553,126.976715,440
225,04호선,평촌,37.394287,126.963883,441
226,04호선,범계,37.389793,126.950806,442
227,04호선,금정,37.372221,126.943429,443
228,04호선,산본,37.358101,126.933274,444
229,04호선,수리산,37.349801,126.925365,445
230,04호선,대야미,37.328467,126.917332,446
231,04호선,반월,37.312212,126.903524,447
232,04호선,상록수,37.302795,126.866489,448
233,04호선,한대앞,37.309689,126.85344,449
234,04호선,중앙,37.315941,126.838573,450
235,04호선,고잔,37.316777,126.823249,451
236,04호선,초지,37.320646,126.805913,452
237,04호선,안산,37.327082,126.788532,453
238,04호선,신길온천,37.338212,126.765844,454
239,04호선,정왕,37.351735,126.742989,455
240,04호선,오이도,37.362357,126.738714,456
241,05호선,방화,37.577446,126.812741,510
242,05호선,개화산,37.572399,126.806171,511
243,05호선,김포공항,37.562434,126.801058,512
244,05호선,송정,37.561184,126.811973,513
245,05호선,마곡,37.560183,126.825448,514
246,05호선,발산,37.558598,126.837668,515
247,05호선,우장산,37.548768,126.836318,516
248,05호선,화곡,37.541513,126.840461,517
249,05호선,까치산,37.531768,126.846683,518
250,05호선,신정,37.524997,126.856191,519
251,05호선,목동,37.526065,126.864931,520
252,05호선,오목교,37.524496,126.875181,521
253,05호선,양평(5호선),37.525583,126.886176,522
254,05호선,영등포구청,37.52497,126.895951,523
255,05호선,영등포시장,37.522669,126.905139,524
256,05호선,신길,37.517122,126.917169,525
257,05호선,여의도,37.521624,126.924191,526
258,05호선,여의나루,37.527098,126.932901,527
259,05호선,마포,37.539574,126.945932,528
260,05호선,공덕,37.544018,126.951592,529
261,05호선,애오개,37.553736,126.95682,530
262,05호선,충정로,37.559973,126.963672,531
263,05호선,서대문,37.565773,126.966641,532
264,05호선,광화문,37.571026,126.976669,533
265,05호선,종로3가,37.571607,126.991806,534
266,05호선,을지로4가,37.566941,126.998079,535
267,05호선,동대문역사문화공원,37.565138,127.007896,536
268,05호선,청구,37.560245,127.013828,537
269,05호선,신금호,37.554548,127.020331,538
270,05호선,행당,37.557322,127.029476,539
271,05호선,왕십리,37.561533,127.037732,540
272,05호선,마장,37.5661,127.042973,541
273,05호선,답십리,37.566747,127.052704,542
274,05호선,장한평,37.56144,127.064623,543
275,05호선,군자,37.557121,127.079542,544
276,05호선,아차산,37.551691,127.089761,545
277,05호선,광나루,37.545303,127.10357,546
278,05호선,천호,37.538397,127.123572,547
279,05호선,강동,37.535804,127.132481,548
280,05호선,길동,37.537801,127.140004,549
281,05호선,굽은다리,37.545477,127.142853,550
282,05호선,명일,37.55137,127.143999,551
283,05호선,고덕,37.555004,127.154151,552
284,05호선,상일동,37.556712,127.166417,553
285,05호선,강일,37.557465,127.175864,554
286,05호선,미사,37.563132,127.192968,555
287,05호선,하남풍산,37.552125,127.203912,556
288,05호선,하남시청,37.541682,127.206869,557
289,05호선,하남검단산,37.539809,127.223249,558
290,05호선,둔촌동,37.527788,127.136248,P549
291,05호선,올림픽공원,37.516078,127.130848,P550
292,05호선,방이,37.508857,127.126133,P551
293,05호선,오금,37.502162,127.128111,P552
294,05호선,개롱,37.498079,127.13482,P553
295,05호선,거여,37.493105,127.14415,P554
296,05호선,마천,37.49499,127.152781,P555
297,06호선,응암,37.598605,126.915577,610
298,06호선,역촌,37.606021,126.922744,611
299,06호선,불광,37.610469,126.929887,612
300,06호선,독바위,37.618456,126.933031,613
301,06호선,연신내,37.619001,126.921008,614
302,06호선,구산,37.611377,126.91727,615
303,06호선,새절,37.591148,126.913629,616
304,06호선,증산,37.583876,126.909645,617
305,06호선,디지털미디어시티,37.576646,126.900984,618
306,06호선,월드컵경기장,37.569532,126.899298,619
307,06호선,마포구청,37.563515,126.903343,620
308,06호선,망원,37.556094,126.910052,621
309,06호선,합정,37.549463,126.913739,622
310,06호선,상수,37.547716,126.922852,623
311,06호선,광흥창,37.547456,126.931993,624
312,06호선,대흥,37.547771,126.942069,625
313,06호선,공덕,37.544018,126.951592,626
314,06호선,효창공원앞,37.539261,126.961351,627
315,06호선,삼각지,37.534777,126.97311,628
316,06호선,녹사평,37.534675,126.986695,629
317,06호선,이태원,37.534488,126.994302,630
318,06호선,한강진,37.539631,127.001725,631
319,06호선,버티고개,37.548013,127.007055,632
320,06호선,약수,37.55434,127.010655,633
321,06호선,청구,37.560245,127.013828,634
322,06호선,신당,37.565972,127.01782,635
323,06호선,동묘앞,37.572627,127.016429,636
324,06호선,창신,37.579661,127.015241,637
325,06호선,보문,37.585286,127.019381,638
326,06호선,안암,37.586272,127.029005,639
327,06호선,고려대,37.590508,127.036296,640
328,06호선,월곡,37.601948,127.041518,641
329,06호선,상월곡,37.606377,127.048491,642
330,06호선,돌곶이,37.610537,127.056431,643
331,06호선,석계,37.614805,127.065851,644
332,06호선,태릉입구,37.617983,127.07512,645
333,06호선,화랑대,37.620064,127.084689,646
334,06호선,봉화산,37.617283,127.091401,647
335,06호선,신내,37.612887,127.103218,648
336,07호선,장암,37.700109,127.053196,709
337,07호선,도봉산,37.689313,127.046222,710
338,07호선,수락산,37.67785,127.055315,711
339,07호선,마들,37.66494,127.057675,712
340,07호선,노원,37.655128,127.061368,713
341,07호선,중계,37.644583,127.064303,714
342,07호선,하계,37.636352,127.06799,715
343,07호선,공릉,37.625742,127.072896,716
344,07호선,태릉입구,37.617983,127.07512,717
345,07호선,먹골,37.610637,127.077725,718
346,07호선,중화,37.602545,127.079264,719
347,07호선,상봉,37.596362,127.085032,720
348,07호선,면목,37.588579,127.087503,721
349,07호선,사가정,37.580894,127.088478,722
350,07호선,용마산,37.573647,127.086727,723
351,07호선,중곡,37.565923,127.08432,724
352,07호선,군자,37.557121,127.079542,725
353,07호선,어린이대공원,37.548014,127.074658,726
354,07호선,건대입구,37.540693,127.07023,727
355,07호선,뚝섬유원지,37.53154,127.066704,728
356,07호선,청담,37.519365,127.05335,729
357,07호선,강남구청,37.517186,127.04128,730
358,07호선,학동,37.514229,127.031656,731
359,07호선,논현,37.511093,127.021415,732
360,07호선,반포,37.508178,127.011727,733
361,07호선,고속터미널,37.50481,127.004943,734
362,07호선,내방,37.487618,126.993513,735
363,07호선,총신대입구(이수),37.486263,126.981989,736
364,07호선,남성,37.484596,126.971251,737
365,07호선,숭실대입구,37.496029,126.953822,738
366,07호선,상도,37.502834,126.94791,739
367,07호선,장승배기,37.504898,126.93915,740
368,07호선,신대방삼거리,37.499701,126.928276,741
369,07호선,보라매,37.499872,126.920428,742
370,07호선,신풍,37.50008,126.90993,743
371,07호선,대림,37.49297,126.895801,744
372,07호선,남구로,37.486056,126.887249,745
373,07호선,가산디지털단지,37.481072,126.882343,746
374,07호선,철산,37.47605,126.867911,747
375,07호선,광명사거리,37.479252,126.854876,748
376,07호선,천왕,37.486637,126.838713,749
377,07호선,온수,37.492258,126.823388,750
378,07호선,까치울,37.506207,126.810939,751
379,07호선,부천종합운동장,37.50538,126.797337,752
380,07호선,춘의,37.503663,126.787036,753
381,07호선,신중동,37.503048,126.77596,754
382,07호선,부천시청,37.504631,126.763538,755
383,07호선,상동,37.505781,126.753083,756
384,07호선,삼산체육관,37.506411,126.742153,757
385,07호선,굴포천,37.506997,126.73128,758
386,07호선,부평구청,37.508336,126.720548,759
387,08호선,암사,37.55021,127.127562,810
388,08호선,천호,37.538397,127.123572,811
389,08호선,강동구청,37.530341,127.120508,812
390,08호선,몽촌토성,37.517409,127.112359,813
391,08호선,잠실,37.51395,127.102234,814
392,08호선,석촌,37.505431,127.106979,815
393,08호선,송파,37.499703,127.112183,816
394,08호선,가락시장,37.492522,127.118234,817
395,08호선,문정,37.485855,127.1225,818
396,08호선,장지,37.478703,127.126191,819
397,08호선,복정,37.470047,127.126662,820
398,08호선,산성,37.457122,127.149908,821
399,08호선,남한산성입구,37.451535,127.159816,822
400,08호선,단대오거리,37.44521,127.156866,823
401,08호선,신흥,37.440918,127.147564,824
402,08호선,수진,37.437428,127.140722,825
403,08호선,모란,37.43213,127.129087,826
404,09호선,개화,37.578608,126.798153,901
405,09호선,김포공항,37.562434,126.801058,902
406,09호선,공항시장,37.563726,126.810678,903
407,09호선,신방화,37.567532,126.816601,904
408,09호선,마곡나루,37.567336,126.829497,905
409,09호선,양천향교,37.568381,126.841333,906
410,09호선,가양,37.561391,126.854456,907
411,09호선,증미,37.557402,126.861939,908
412,09호선,등촌,37.550632,126.865689,909
413,09호선,염창,37.546936,126.874916,910
414,09호선,신목동,37.544277,126.88308,911
415,09호선,선유도,37.53802,126.893525,912
416,09호선,당산,37.53438,126.902281,913
417,09호선,국회의사당,37.528105,126.917874,914
418,09호선,여의도,37.521624,126.924191,915
419,09호선,샛강,37.517274,126.928422,916
420,09호선,노량진,37.514219,126.942454,917
421,09호선,노들,37.512887,126.953222,918
422,09호선,흑석,37.50877,126.963708,919
423,09호선,동작,37.502971,126.979306,920
424,09호선,구반포,37.501364,126.987332,921
425,09호선,신반포,37.503415,126.995925,922
426,09호선,고속터미널,37.50481,127.004943,923
427,09호선,사평,37.504206,127.015259,924
428,09호선,신논현,37.504598,127.02506,925
429,09호선,언주,37.507287,127.033868,926
430,09호선,선정릉,37.51098,127.043593,927
431,09호선,삼성중앙,37.513011,127.053282,928
432,09호선,봉은사,37.514219,127.060245,929
433,09호선,종합운동장,37.510997,127.073642,930
434,09호선,삼전,37.504312,127.08801,931
435,09호선,석촌고분,37.502414,127.096939,932
436,09호선,석촌,37.505431,127.106979,933
437,09호선,송파나루,37.510292,127.112187,934
438,09호선,한성백제,37.516519,127.116106,935
439,09호선,올림픽공원,37.516078,127.130848,936
440,09호선,둔촌오륜,37.519253,127.138708,937
441,09호선,중앙보훈병원,37.528743,127.148612,938
442,분당선,청량리,37.580178,127.046835,K209
443,분당선,왕십리,37.561533,127.037732,K210
444,분당선,서울숲,37.543617,127.044707,K211
445,분당선,압구정로데오,37.527381,127.040534,K212
446,분당선,강남구청,37.517186,127.04128,K213
447,분당선,선정릉,37.51098,127.043593,K214
448,분당선,선릉,37.504503,127.049008,K215
449,분당선,한티,37.496237,127.052873,K216
450,분당선,도곡,37.490858,127.055381,K217
451,분당선,구룡,37.486839,127.058856,K218
452,분당선,개포동,37.489116,127.06614,K219
453,분당선,대모산입구,37.491373,127.07272,K220
454,분당선,수서,37.487371,127.10188,K221
455,분당선,복정,37.470047,127.126662,K222
456,분당선,가천대역,37.448605,127.126697,K223
457,분당선,태평,37.440019,127.127709,K224
458,분당선,모란,37.43213,127.129087,K225
459,분당선,야탑,37.411185,127.128715,K226
460,분당선,이매,37.396104,127.12827,K227
461,분당선,서현,37.385126,127.123592,K228
462,분당선,수내,37.378455,127.114322,K229
463,분당선,정자,37.36706,127.108105,K230
464,분당선,미금,37.350077,127.10891,K231
465,분당선,오리,37.339824,127.108942,K232
466,분당선,죽전,37.324753,127.107395,K233
467,분당선,보정,37.312752,127.108196,K234
468,분당선,구성,37.298969,127.105664,K235
469,분당선,신갈,37.286102,127.111313,K236
470,분당선,기흥,37.275619,127.115936,K237
471,분당선,상갈,37.26181,127.108847,K238
472,분당선,청명,37.259489,127.078934,K239
473,분당선,영통,37.251568,127.071394,K240
474,분당선,망포,37.245795,127.057353,K241
475,분당선,매탄권선,37.252759,127.040566,K242
476,분당선,수원시청,37.261911,127.030736,K243
477,분당선,매교,37.265481,127.015678,K244
478,분당선,수원,37.265974,126.999874,K245
479,신분당선,강남,37.497175,127.027926,D07
480,신분당선,양재,37.484147,127.034631,D08
481,신분당선,양재시민의숲,37.470023,127.03842,D09
482,신분당선,청계산입구,37.447211,127.055664,D10
483,신분당선,판교,37.394761,127.111217,D11
484,신분당선,정자,37.36706,127.108105,D12
485,신분당선,미금,37.350077,127.10891,D13
486,신분당선,동천,37.337928,127.102976,D14
487,신분당선,수지구청,37.322702,127.095026,D15
488,신분당선,성복,37.313335,127.0801,D16
489,신분당선,상현,37.297664,127.069342,D17
490,신분당선,광교중앙,37.288617,127.051478,D18
491,신분당선,광교,37.30211,127.044483,D19
492,수인선,오이도,37.362357,126.738714,K250
493,수인선,달월,37.379681,126.745177,K251
494,수인선,월곶,37.391769,126.742699,K252
495,수인선,소래포구,37.40095,126.733522,K253
496,수인선,인천논현,37.400614,126.722478,K254
497,수인선,호구포,37.401637,126.708627,K255
498,수인선,남동인더스파크,37.407722,126.695216,K256
499,수인선,원인재,37.412603,126.687389,K257
500,수인선,연수,37.417804,126.67894,K258
501,수인선,송도,37.428514,126.657772,K259
502,수인선,인하대,37.448493,126.649619,K261
503,수인선,숭의,37.460789,126.638297,K262
504,수인선,신포,37.46874,126.623853,K263
505,수인선,인천,37.476691,126.616936,K264
506,인천선,계양,37.571462,126.735637,I110
507,인천선,귤현,37.566379,126.742654,I111
508,인천선,박촌,37.553703,126.745077,I112
509,인천선,임학,37.545059,126.738665,I113
510,인천선,계산,37.543238,126.728128,I114
511,인천선,경인교대입구,37.538157,126.722597,I115
512,인천선,작전,37.530415,126.722527,I116
513,인천선,갈산,37.517268,126.721514,I117
514,인천선,부평구청,37.508336,126.720548,I118
515,인천선,부평시장,37.498383,126.722244,I119
516,인천선,부평,37.489493,126.724805,I120
517,인천선,동수,37.485312,126.718247,I121
518,인천선,부평삼거리,37.477679,126.710208,I122
519,인천선,간석오거리,37.467048,126.707938,I123
520,인천선,인천시청,37.457405,126.702221,I124
521,인천선,예술회관,37.449396,126.701012,I125
522,인천선,인천터미널,37.442383,126.699706,I126
523,인천선,문학경기장,37.434935,126.698579,I127
524,인천선,선학,37.426684,126.698863,I128
525,인천선,신연수,37.41804,126.693863,I129
526,인천선,원인재,37.412603,126.687389,I130
527,인천선,동춘,37.404737,126.681015,I131
528,인천선,동막,37.397878,126.674005,I132
529,인천선,캠퍼스타운,37.387855,126.661673,I133
530,인천선,테크노파크,37.382268,126.656365,I134
531,인천선,지식정보단지,37.378384,126.645168,I135
532,인천선,인천대입구,37.386007,126.639484,I136
533,인천선,센트럴파크,37.393054,126.634729,I137
534,인천선,국제업무지구,37.399907,126.630347,I138
535,인천2호선,검단오류,37.594877,126.627178,I201
536,인천2호선,왕길,37.59518,126.642696,I202
537,인천2호선,검단사거리,37.60185,126.657108,I203
538,인천2호선,마전,37.597566,126.666998,I204
539,인천2호선,완정,37.592928,126.673203,I205
540,인천2호선,독정,37.585212,126.675844,I206
541,인천2호선,검암,37.569104,126.673728,I207
542,인천2호선,검바위,37.561405,126.677566,I208
543,인천2호선,아시아드경기장,37.5517,126.677122,I209
544,인천2호선,서구청,37.543742,126.676787,I210
545,인천2호선,가정,37.524649,126.675539,I211
546,인천2호선,가정중앙시장,37.517054,126.676672,I212
547,인천2호선,석남,37.506193,126.676203,I213
548,인천2호선,서부여성회관,37.506193,126.676203,I214
549,인천2호선,인천가좌,37.4897,126.675208,I215
550,인천2호선,가재울,37.484192,126.683673,I216
551,인천2호선,주안국가산단,37.473703,126.68113,I217
552,인천2호선,주안,37.464941,126.679923,I218
553,인천2호선,시민공원,37.458335,126.681192,I219
554,인천2호선,석바위시장,37.457611,126.692575,I220
555,인천2호선,인천시청,37.457405,126.702221,I221
556,인천2호선,석천사거리,37.456805,126.709986,I222
557,인천2호선,모래내시장,37.45583,126.719298,I223
558,인천2호선,만수,37.454911,126.732094,I224
559,인천2호선,남동구청,37.448161,126.736939,I225
560,인천2호선,인천대공원,37.448769,126.752618,I226
561,인천2호선,운연,37.440127,126.75997,I227
562,경의선,용산,37.529849,126.964561,K110
563,경의선,이촌,37.522272,126.974345,K111
564,경의선,서빙고,37.519594,126.988537,K112
565,경의선,한남,37.52943,127.009169,K113
566,경의선,옥수,37.540685,127.017965,K114
567,경의선,응봉,37.549946,127.034538,K115
568,경의선,왕십리,37.561533,127.037732,K116
569,경의선,청량리,37.580178,127.046835,K117
570,경의선,회기,37.58946,127.057583,K118
571,경의선,중랑,37.594917,127.076116,K119
572,경의선,상봉,37.596362,127.085032,K120
573,경의선,망우,37.59955,127.091909,K121
574,경의선,양원,37.606596,127.107906,K122
575,경의선,구리,37.603392,127.143869,K123
576,경의선,도농,37.608806,127.161153,K124
577,경의선,양정,37.60533,127.19364,K125
578,경의선,덕소,37.586781,127.208832,K126
579,경의선,도심,37.579622,127.222672,K127
580,경의선,팔당,37.547371,127.243939,K128
581,경의선,운길산,37.554669,127.310115,K129
582,경의선,양수,37.545981,127.329098,K130
583,경의선,신원,37.525545,127.372921,K131
584,경의선,국수,37.516169,127.399367,K132
585,경의선,아신,37.51382,127.443173,K133
586,경의선,오빈,37.506062,127.473868,K134
587,경의선,양평(중앙선),37.492832,127.491814,K135
588,경의선,원덕,37.468672,127.547076,K136
589,경의선,용문,37.48223,127.594647,K137
590,경의선,지평,37.476444,127.629617,K138
591,경의선,효창공원앞,37.539261,126.961351,K311
592,경의선,공덕,37.544018,126.951592,K312
593,경의선,서강대,37.551881,126.935711,K313
594,경의선,홍대입구,37.557192,126.925381,K314
595,경의선,가좌,37.568491,126.915487,K315
596,경의선,디지털미디어시티,37.576646,126.900984,K316
597,경의선,수색,37.580842,126.895611,K317
598,경의선,화전,37.602888,126.868387,K318
599,경의선,강매,37.612314,126.843223,K319
600,경의선,행신,37.612102,126.834146,K320
601,경의선,능곡,37.618808,126.820783,K321
602,경의선,대곡,37.631626,126.811024,K322
603,경의선,곡산,37.645676,126.801762,K323
604,경의선,백마,37.658239,126.794461,K324
605,경의선,풍산,37.672346,126.786243,K325
606,경의선,일산,37.682077,126.769846,K326
607,경의선,탄현,37.694023,126.761086,K327
608,경의선,야당,37.712327,126.761356,K328
609,경의선,운정,37.725826,126.767257,K329
610,경의선,금릉,37.751322,126.765347,K330
611,경의선,금촌,37.766217,126.774644,K331
612,경의선,월롱,37.796188,126.792587,K333
613,경의선,파주,37.815298,126.792783,K334
614,경의선,문산,37.854619,126.788047,K335
615,경의선,임진강,37.888599,126.746922,K336
616,경의선,서울역,37.554648,126.972559,P313
617,경의선,신촌(경의선),37.559837,126.942696,P314
618,공항철도,서울역,37.554648,126.972559,A01
619,공항철도,공덕,37.544018,126.951592,A02
620,공항철도,홍대입구,37.557192,126.925381,A03
621,공항철도,디지털미디어시티,37.576646,126.900984,A04
622,공항철도,마곡나루,37.567336,126.829497,A042
623,공항철도,김포공항,37.562434,126.801058,A05
624,공항철도,계양,37.571462,126.735637,A06
625,공항철도,검암,37.569104,126.673728,A07
626,공항철도,청라국제도시,37.555878,126.625327,A071
627,공항철도,영종,37.511466,126.5237,A072
628,공항철도,운서,37.492904,126.49379,A08
629,공항철도,공항화물청사,37.458366,126.476241,A09
630,경춘선,청량리,37.580178,127.046835,P117
631,경춘선,회기,37.58946,127.057583,P118
632,경춘선,중랑,37.594917,127.076116,P119
633,경춘선,상봉,37.596362,127.085032,P120
634,경춘선,망우,37.59955,127.091909,P121
635,경춘선,신내,37.612887,127.103218,P122
636,경춘선,갈매,37.634118,127.114757,P123
637,경춘선,별내,37.64202,127.12684,P124
638,경춘선,퇴계원,37.648311,127.143952,P125
639,경춘선,사릉,37.65108,127.176933,P126
640,경춘선,금곡,37.637382,127.207853,P127
641,경춘선,평내호평,37.653225,127.244493,P128
642,경춘선,천마산,37.658978,127.285379,P129
643,경춘선,마석,37.652782,127.311767,P130
644,경춘선,대성리,37.684071,127.379319,P131
645,경춘선,청평,37.735488,127.42661,P132
646,경춘선,상천,37.770246,127.454821,P133
647,경춘선,가평,37.814536,127.510739,P134
648,경춘선,굴봉산,37.832067,127.557695,P135
649,경춘선,백양리,37.830779,127.58933,P136
650,경춘선,강촌,37.805723,127.634146,P137
651,경춘선,김유정,37.818466,127.71434,P138
652,경춘선,남춘천,37.864007,127.723792,P139
653,경춘선,춘천,37.885054,127.717023,P140
654,경춘선,광운대,37.623632,127.061835,
655,의정부경전철,발곡,37.727048,127.052803,U110
656,의정부경전철,회룡,37.724846,127.046895,U111
657,의정부경전철,범골,37.728755,127.04353,U112
658,의정부경전철,경전철의정부,37.737202,127.043257,U113
659,의정부경전철,의정부시청,37.739256,127.034781,U114
660,의정부경전철,흥선,37.743302,127.037023,U115
661,의정부경전철,의정부중앙,37.743676,127.049565,U117
662,의정부경전철,동오,37.745271,127.056947,U118
663,의정부경전철,새말,37.748885,127.06362,U119
664,의정부경전철,경기도청북부청사,37.75059,127.071495,U120
665,의정부경전철,효자,37.754025,127.076902,U121
666,의정부경전철,곤제,37.750471,127.083715,U122
667,의정부경전철,어룡,37.742802,127.085035,U123
668,의정부경전철,송산,37.737279,127.087159,U124
669,의정부경전철,탑석,37.733579,127.088704,U125
670,우이신설경전철,북한산우이,37.663146,127.012789,S110
671,우이신설경전철,솔밭공원,37.656088,127.013252,S111
672,우이신설경전철,4.19민주묘지,37.649593,127.013746,S112
673,우이신설경전철,가오리,37.641701,127.016792,S113
674,우이신설경전철,화계,37.634802,127.017519,S114
675,우이신설경전철,삼양,37.627165,127.018152,S115
676,우이신설경전철,삼양사거리,37.621512,127.02048,S116
677,우이신설경전철,솔샘,37.62124,127.013528,S117
678,우이신설경전철,북한산보국문,37.612343,127.008009,S118
679,우이신설경전철,정릉,37.602798,127.01349,S119
680,우이신설경전철,성신여대입구,37.592624,127.016403,S120
681,우이신설경전철,보문,37.585286,127.019381,S121
682,우이신설경전철,신설동,37.575297,127.025087,S122
683,용인경전철,기흥,37.275619,127.115936,Y110
684,용인경전철,강남대,37.270161,127.126033,Y111
685,용인경전철,지석,37.269606,127.136515,Y112
686,용인경전철,어정,37.274917,127.143714,Y113
687,용인경전철,동백,37.269043,127.152716,Y114
688,용인경전철,초당,37.260752,127.159443,Y115
689,용인경전철,삼가,37.242115,127.168075,Y116
690,용인경전철,시청.용인대,37.239151,127.178406,Y117
691,용인경전철,명지대,37.237964,127.190294,Y118
692,용인경전철,김량장,37.237247,127.198781,Y119
693,용인경전철,운동장.송담대,37.237845,127.209198,Y120
694,용인경전철,고진,37.24484,127.214251,Y121
695,용인경전철,보평,37.258965,127.218457,Y122
696,용인경전철,둔전,37.267051,127.21364,Y123
697,용인경전철,전대.에버랜드,37.285342,127.219561,Y124
698,경강선,판교,37.394761,127.111217,K410
699,경강선,이매,37.396104,127.12827,K411
700,경강선,삼동,37.409522,127.20336,K412
701,경강선,경기광주,37.398972,127.253115,K413
702,경강선,초월,37.374419,127.299,K414
703,경강선,곤지암,37.351315,127.34674,K415
704,경강선,신둔도예촌,37.317185,127.40476,K416
705,경강선,이천,37.265579,127.44226,K417
706,경강선,부발,37.260192,127.490277,K418
707,경강선,세종대왕릉,37.295309,127.570938,K419
708,경강선,여주,37.282701,127.628607,K420
