51.1270989,-114.2065605,Sushi Boat
51.1255761,-114.1987451,Chianti Cafe & Restaurant
51.1256349,-114.1975588,Joey's
51.1058475,-114.1636004,Boston Pizza
51.0665754,-114.1081809,Juree's Thai Place
51.1254934,-114.0725030,Boston Pizza
51.0985991,-114.0406347,The Italian Store
51.0671804,-114.0857773,Earl's
51.1110728,-114.0537810,Great Taste Chinese
51.0707666,-114.1169948,Big T's BBQ & Smokehouse
50.9329150,-113.9703981,Cora's
50.9324179,-113.9688110,The Keg
51.1544353,-114.0672589,Boston Pizza
51.1550901,-114.0679739,Ginger Beef Bistro House
51.0649572,-114.0628620,Sun's BBQ Restaurant
51.0665799,-114.0640248,Central Grand Restaurant
51.1233335,-114.1981957,Fusion Sushi & Thai
50.9764348,-114.0136778,The Station Pub
50.9775802,-114.0133646,Saigon Maxim
51.0968271,-114.0545180,Denny's
51.1541516,-114.0668608,Applebee's
51.0488950,-113.9930212,Boston Pizza
51.1405086,-114.0703150,The Canadian Brewhouse (Calgary Harvest Hills)
51.1410067,-114.0700570,Bowls Korean BBQ
51.1414773,-114.0695085,T.Pot China Bistro
51.0821343,-114.0042570,White Spot
51.0810032,-114.0057199,Thai Boat
51.0763118,-114.0041750,Hooters
51.0811604,-113.9934754,Buffet Eastern Treasures
51.1548172,-114.1053810,Pizza Hut
51.1383977,-114.1582690,Pizza Hut
51.0818025,-113.9859567,Bootleggers
51.0793859,-114.0120292,Henry's Cafe
51.1269191,-114.0558518,Fai's Chinese Foods
51.0808925,-114.0246993,Beckham's Pub & Eatery
51.1553480,-114.0568348,Amici Italian Grill & Lounge
51.1553864,-114.0546744,Ricky's All Day Grill
51.1554295,-114.0531724,Imperial Dynasty Restaurant
51.1406017,-114.0673245,Saigon Pearl
51.1838261,-114.1362724,Simons Valley Ranch
51.1267522,-114.0730805,Madisons Restaurant and Bar
51.1018390,-114.0706401,Vietwest
51.0811176,-114.0166625,Top Brass Restaurant & Bar
51.1113744,-114.0562747,Humpty's Family Restaurant
51.1122438,-114.0561618,Cherry Inn
51.1382598,-114.1574525,Ricky's All Day Grill
51.1381390,-114.1574241,Shanghai Palace
51.0977887,-113.9613269,Nirvana
51.0772323,-114.0028929,Graze Restaurant and Grill
51.0526305,-114.0007900,King's Restaurant
51.0810500,-114.0137247,Misai Japanese Restaurant
51.0956755,-114.0527671,Fusion Sushi
51.0954891,-114.0535383,Pho 501
51.0775625,-114.0619839,Nicastro's
51.0674829,-114.0099362,botaniCa
51.0771068,-113.9856869,Samosa Grill
51.0745548,-113.9893380,East Side Mario's
51.0809003,-113.9963320,Boston Pizza
51.0984924,-114.0872831,Mona's Pizza and Pasta
51.0499088,-113.9929587,Safari Grill
51.0509533,-113.9929181,Coffee Couch
51.0303885,-113.9989153,Inglewood Golf Course
50.9920302,-114.0706359,Smuggler's Inn
51.0800013,-114.0056590,Noodle King
51.1504561,-114.2132522,Freshii
51.0190913,-114.1698976,Swiss Chalet
51.0167988,-114.1688104,Famoso Neapolitan Pizzeria
51.0850750,-114.2084619,Denny's
51.0357156,-114.1663064,Pizza Hut
51.0760108,-113.9873270,Chuck E. Cheese's
51.0738709,-113.9892912,Montana's
51.0809654,-113.9941594,Chianti
51.0811138,-113.9872090,Nando's
51.0947735,-114.0007923,Moxie's Grill & Bar
50.9970957,-114.0706786,Ricky's
51.0172402,-114.1624279,Boston Pizza
51.0166293,-114.1608803,Golden Bell
51.1502716,-114.0012098,Pacini
51.0555786,-113.9778585,Gobi Grill
51.0503832,-114.0622810,Silver Dragon Restaurant
51.0495179,-114.0620681,Regency Palace Restaurant
51.0528362,-114.0684421,Xích Lô Viet Street Food
51.0676848,-114.0630537,Sushi Bistro Anzu
51.1653975,-114.1291064,Taiyo
51.1554534,-114.0605858,Swiss Chalet
51.1570923,-114.1593214,Stacked Pancake & Breakfast House
51.1562796,-114.1581460,California Thai Fusion Cuisine
51.0928426,-114.1535380,Matador Pizza & Steak House
51.0926334,-114.1538857,Peking Garden Restaurant
51.0348058,-114.0420570,Prime Time
51.0507115,-114.0628666,Thai Bistro
51.0505092,-114.0629417,U & Me Restaurant
51.0515732,-114.0944463,Sultan's Tent
51.0443219,-114.0631099,Sky 360
51.0860059,-114.1544197,Milestones
51.0847027,-114.1539080,Vacant
51.1549809,-114.1060035,Silver City Restaurant
51.0810761,-113.9852314,Aji Ichiban Sushi
51.0953495,-114.0619650,Tom's House of Pizza
51.1189528,-114.1569023,Bobby Chao Pho
51.1263582,-114.1390310,Edgemont City Asian Cuisine
51.0018435,-114.0639363,Oriental Phoenix
50.9984409,-114.0729617,East Side Mario's
50.9986232,-114.0708159,Red Lobster
51.0804259,-113.9847790,Joey's Only
51.0806753,-113.9832603,Pho Ha's Noodle House
51.0701199,-113.9879938,Ricky's
51.1675561,-114.0899310,Golden Jade Palace
51.1670605,-114.0895628,Nha Trang
51.1670454,-114.0896862,Ajisai
50.9324205,-113.9615407,Edo
50.9324246,-113.9645220,Montana's
50.9313225,-113.9708297,Boston Pizza
50.9307294,-113.9728147,Tony Roma's
51.0678747,-114.0127640,Denny's
51.1668344,-114.0908633,Tamarind
51.0935982,-114.0328184,Tropical Delight
51.0819469,-113.9960540,Basil
51.0895814,-114.0008515,Cactus Club Cafe
50.9857461,-114.0707515,The Cheesecake Cafe
50.9853408,-114.0707144,Tom's House of Pizza
50.9893998,-114.0723501,Denny's
50.9983085,-114.0670741,Bagolac Saigon Lemongrass Grill
51.1013401,-114.0705687,Tops Pizza & Lounge
51.0761987,-114.0622340,Silver Inn Restaurant
51.0435051,-114.0812386,Bonterra Trattoria
51.0445888,-114.0927550,Korean Village Restaurant
51.0436985,-114.0807914,Holy Grill
51.0429661,-114.0802577,The King & I
51.0879055,-113.9809191,Paloma Family Restaurant
50.9935216,-114.0702553,Heart of Saigon
50.9249205,-114.0725912,Humpty's
51.0521706,-114.0886695,Pulcinella Authentic Napoletana Pizza
51.0034309,-113.9574581,Brewsters
51.0142656,-114.0000730,Denny's
50.9611811,-114.0722842,Boston Pizza
50.9571805,-114.0708114,Broken Plate
51.1263852,-114.1392127,Tenka Sushi Shabu Shabu Japanese Cuisine
51.0496693,-114.0686020,The Keg
51.0495411,-114.0637531,Royal India
50.9905312,-114.0707527,The Keg
51.0423650,-114.0581082,Lotus Vietnamese Noodle House
51.0443713,-114.0927718,Olive Chicken
51.0494608,-114.0717380,The Imperial Tap
51.0712173,-113.9991522,Ric's Lounge and Grill
50.9784342,-114.0150599,Boston Pizza
50.9779618,-114.0133844,Peking Peking
50.9767958,-114.0148468,Pita Grill
51.0379984,-114.0865580,Pizza Hut
51.0379885,-114.0863130,Midori Japanese Cafe
51.1016843,-114.1390386,Saffron
51.1016763,-114.1386009,Pho Thien Huong Essence of Saigon Garden
51.1016809,-114.1394324,Hankang Korean BBQ Family Restaurant
50.9923517,-114.0706814,Bolero
50.9921754,-114.0709150,Open Sesame
51.0721305,-113.9826460,Applebee's
51.0710387,-113.9801657,Reef 'N Beef Restaurant & Lounge
51.1429382,-114.0722683,Vietnam Sub & Grill
51.1422096,-114.0703550,Dagu Rice Noodle
51.0379426,-114.0767340,Comery Block Barbecue
51.0425081,-114.0732240,Singapore Sam's
51.0510202,-114.0617121,Ho Wan Restaurant
51.0494724,-114.0624792,Sushi Tokyo
51.0500111,-114.0629553,Delicious Country Restaurant
51.0452815,-114.0583364,Anatolia Turkish Restaurant
50.9065288,-114.0657450,Hong Kong Garden Chinese Cuisine
50.9064716,-114.0644158,Mr. Schnapps Restaurant & Lounge
51.1637916,-114.1261886,Boston Pizza
50.9903068,-114.0721340,Kinjo
50.9792462,-114.0593894,Pho Nam
51.0388078,-113.9660539,Pho Binh Minh Sunrise Vietnamese Restaurant
51.0573655,-113.9878331,Zaika Biryani House
51.0492051,-113.9924304,Swiss Chalet
51.0665796,-114.0539353,Shibuya Izakaya
51.0798197,-113.9969002,Fat Kee
51.0803016,-113.9973294,Dim Sum House
51.0798298,-113.9978605,Kabab e Tabaq
51.0762978,-113.9901840,Pho Tai
51.0890016,-114.0314326,Saaj Grill
51.0900192,-114.0316901,CAPS Bar & Grill
51.1075079,-114.0638431,Stolo's Pizza & Sports Bar
51.1077489,-114.0638331,Game Time Bar & Grill
51.1076108,-114.0638358,China Palace Restaurant
51.0373721,-114.0952135,Moti Mahal
51.0477024,-114.0862810,Tamarind Vietnamese Grill & Noodle
51.0061666,-114.1299329,SpotOn Kitchen & Bar
51.0126005,-114.1417240,Golden Leaf Chinese Food
51.0138262,-114.1406746,Sushi Hanami
51.0126818,-114.1417141,Hanni's Restaurant & Pizza
51.0138813,-114.1401378,Pizza Hut
51.0497342,-114.0723849,Caesar's Steakhouse
51.1068253,-113.9700424,Mother India Restaurant & Sweets
51.1003568,-114.0370628,Africana Eatery
50.9627613,-114.0862058,Humpty's
50.9792500,-114.0826653,Bow River Vietnamese
51.1508920,-114.0501815,Dragon Gardens Restaurant
51.0721011,-114.1593945,Golden West Chinese Restaurant
51.0853022,-114.1782448,The Place
51.1526168,-114.2154239,A Taste of Saigon
51.0453333,-114.0840976,Atlas Specialty
51.0432512,-114.0648020,Michael's Pizza
51.0374378,-113.9635491,Pho Dau Bo
51.0426693,-114.0687074,Vintage
50.9825872,-114.0450817,Denny's
50.9813909,-114.0453309,Moxie's Classic Grill
51.0726463,-114.1609912,Wiener Schnitzel Haus
51.0521398,-114.0702867,Barclay's Restaurant
51.0477389,-114.0671861,Redwater Rustic Grill
51.1421111,-114.0709262,Royal Paan
51.1419481,-114.0705720,Pho Van Vietnamese Noodle House
51.1420315,-114.0707627,Raj Palace South Indian Cuisine
51.0379433,-114.0877940,Denny's
50.9786714,-114.0415250,Ricky's All Day Grill
51.0511616,-114.0653534,Cultural Centre Restaurant
50.9053614,-114.1119046,Brother's Taste of Asia
50.9053614,-114.1118095,Li-Ao Sushi
50.9053621,-114.1116453,The British Chippy
50.9012137,-114.1182553,Yummy Yummy Chinese Cuisine
51.0452160,-114.0653540,Murrieta's Bar & Grill
51.0454326,-114.0632740,Saltlik
51.0440921,-114.0816680,Caffe Mauro
51.0461105,-114.0780441,The Chick Pea
51.0442743,-114.0628134,Ruth's Chris Steak House
51.0447427,-114.0633021,CHARCUT Roast House
51.0388416,-114.0949669,Trawler's Seafood Kitchen
51.0387320,-114.0949749,Ginger Beef Express
51.0595395,-114.0950631,South Silk Road Chinese Restaurant
51.0410969,-114.0557621,La Vita e Bella
51.0793981,-114.0093601,Sunrise Deli
51.0148513,-114.0643263,Seoul Korean BBQ Restaurant
51.0147720,-114.0643625,Babylon Restaurant and Lounge
51.0146961,-114.0643934,3:30 Hot Point Fusion Cafe
51.0156149,-114.0630348,Pho Xinh Xinh
51.0374375,-113.9633417,Noodle World Vietnamese Restaurant
51.0457441,-114.0602746,Teatro
51.0453858,-114.0627400,Milestone's Grill + Bar
51.0456918,-114.0638000,Rose Garden Thai Restaurant
51.0471372,-114.0809129,Moxie's Grill & Bar
51.0404869,-114.0770801,Lougheed House Restaurant
51.0588571,-114.0143302,Saigon Fine Vietnamese Cuisine
51.0707815,-114.0630323,Calypso's Taverna
51.0953640,-114.0628016,Don's Restaurant Chinese Food
51.0966675,-114.0530101,Tango Vietnamese & Thai Restaurant
51.0970280,-114.0530476,Pizza Hut
51.0663436,-114.0987481,Chili's
50.9736313,-114.0699149,Surahi Restaurant
51.0520398,-114.0515095,Waalflower
51.1641260,-113.9629306,Aujla's Restaurant - Bar & Grill
51.1231483,-114.1975751,Pho Huong Viet
51.1190227,-114.1567602,Bobby Chao
51.0590814,-114.0619493,Happy Hill Restaurant
51.1085234,-113.9700746,Original Joes
50.9667990,-114.0698862,Smitty's Restaurant
50.9785981,-114.0615016,Starlight Restaurant & Bar
50.9788818,-114.0595004,Paulo's Filipino Family Restaurant
51.0379468,-114.0690889,Model Milk
51.1268438,-114.1981785,EggOasis
51.0384160,-114.2074042,Wok Box
51.0392286,-114.2081786,Original Joe's
51.0387981,-114.2074886,"Han Chao, Taste of Asia"
51.0392948,-114.2084657,Redwater Grill
51.0444665,-114.1405249,Sushi Ichiban
51.0427859,-114.0890967,Suriya
51.0379709,-114.0953894,Chianti Uptown Cafe and Restaurant
51.0758936,-114.0712186,4th Spot Kitchen & Bar
51.0608288,-114.2126091,Mercato West
50.9054725,-114.0585109,Original Joe's
51.1050203,-114.1621983,Kinjo Sushi & Grill
51.1258729,-114.2109345,Snow Palace Restaurant
51.0238505,-114.1101612,Nho Saigon
51.0227117,-114.1059125,Anything Caff
51.0226538,-114.1059013,Tres Marias Market
51.1518664,-114.2116184,Pho Hoan Pasteur Fusion Noodle House
51.0237826,-114.1074460,Globefish Sushi & Izakaya
51.0241053,-114.1076195,El's Japanese Fusion
51.0241051,-114.1076924,Belmont Diner
51.0242631,-114.1083622,Dragon Gate Restaurant
50.9631761,-114.0095815,Wok Box
50.9627233,-114.0101528,Original Joe's Restaurant & Bar
50.9300922,-114.0249613,Pizza Hut
50.9557882,-114.0708494,Chianti Cafe and Resturant
50.9631268,-114.0113355,The Park
50.9631132,-114.0100846,Sili Burgers
51.0322977,-114.0457665,Kan Han Szechuan House
51.1074293,-114.2400223,Tim Hortons
51.1074345,-114.2402740,Great Canadian Pizza/ Butter Chicken Hut
51.0415962,-114.0602877,MARKETbar by Sunterra
51.0702982,-114.0629037,Little City
51.0719898,-114.0629265,Cheung's Kitchen
51.1248697,-113.9322468,Tim Hortons
50.9421580,-114.0474672,Brewsters Brewing Company & Restaurant
50.9655035,-114.0732921,Jack Astor's Bar & Grill
51.0646864,-114.0630441,Pho Anh Hyuen
51.0944222,-113.9990839,Chop Steakhouse & Bar
51.0972666,-114.0318977,Ricky's
51.0703536,-114.0924743,Jimmy’s A&A Deli
51.0323405,-114.0717760,Famoso Neapolitan Pizzeria
51.0546159,-114.0856136,Canadian Pizza Unlimited
50.8806945,-113.9572591,Edo Japan
50.8817956,-113.9579544,Starbelly
51.1159462,-114.1806683,Al's Pizza
51.1524643,-114.2103695,The Raj Palace
51.1523202,-114.2100646,Empress Palace
51.1520736,-114.2101000,Costa Vida
51.1519752,-114.2102745,Paros Souvla
51.1233916,-114.2032030,Pizza Hut
51.1255749,-114.0692964,Lac Viet
51.0638186,-114.0622986,Centre Street Pita
51.0988058,-113.9341550,Pizza Master Fusion
51.1072391,-113.9498449,Golden Hill Chinese Food
51.1074201,-113.9500782,La-Zee-Za Pizza & Pub
51.0586423,-114.0539140,Diner Deluxe
51.0621222,-114.0559279,House Of Kabob
51.0967281,-114.2164176,Seasons of Bowness Park
51.0867146,-114.1298823,Pho Kim Vy
51.0865396,-114.1286190,Wami Ootoya
51.0737008,-114.1651892,Pizza Hut
51.0739016,-114.1648078,Clubhouse Family Restarurant and Lounge
51.1389185,-114.2337817,Cafe Fresco
50.9840304,-114.0427663,Cibo
50.9876881,-114.0469073,Noodlebox
51.0732078,-113.9911862,Babylon Qithara
51.0531027,-114.0373477,Tazza
51.0534281,-114.0449625,Burger 320
50.9902228,-113.9576701,Wonton King
50.9323782,-113.9625482,Swiss Chalet
51.0398851,-113.9084162,South St. Burger
51.0298075,-114.1351885,Gondola Pizza
51.1303253,-114.0101050,Montana's
51.1303602,-114.0071211,Yakima
51.1302902,-114.0097070,Swiss Chalet
51.1295949,-114.0035886,Vino Volo
50.9495955,-113.9797290,Denny's
50.9006495,-114.0948269,Tom's House of Pizza
51.0383231,-113.9091116,TOA Vietnamese Cuisine
51.0969412,-113.9565984,Swiss Chalet
51.0975695,-113.9575831,Eggs & More
51.0981208,-113.9564820,Ginger Beef Express
51.0820897,-113.9874533,Banana Leaf
51.0521959,-114.0916767,Menyatai Japanese Noodles
50.9810623,-113.9957928,Adobo Experience
51.0376337,-113.9723205,Adobo Experience
51.1293228,-114.0085250,Chili's
51.0721844,-114.1629634,Spaghetty Cafe Prairie
51.0533965,-114.0406466,La Brezza
51.0375509,-114.0747080,Peking Dragon Restaurant
51.0367596,-114.0717830,Hana Sushi
51.0346436,-114.0717330,Aaliya's Pizzeria & Shawarma Cafe
51.0368061,-114.0711470,JINYA Ramen Bar
51.0347728,-114.0717926,Jara Café
51.0344840,-114.0717290,Fleur de Sel Brasserie
51.1013417,-114.1395936,Lu Cha Noodle & Grill
50.9015266,-114.0635047,Edo Japan
50.9810084,-114.0396099,The Chopped Leaf
50.9888534,-114.0739390,Chopped Leaf
50.9876462,-114.0723182,Original Joe's
50.9750478,-114.0736007,Lot 102
50.9754107,-114.0736081,Saigon Thai
50.9693488,-114.0723598,Ginger Beef Bistro House
50.9013584,-114.0678613,Pho Time
50.9016337,-114.0678589,Osmow’s Modern Mediterranean Cuisine
50.9014286,-114.0656133,Ricky's All Day Grill
50.9016669,-114.0656096,Swiss Chalet
50.9027385,-114.0658640,Boston Pizza
51.0099159,-114.0669402,Taj Mahal
51.0077893,-114.0680083,The One Sushi
51.0023585,-114.0712235,Buddha's Veggie Fusion Cuisine
50.9142403,-114.0722091,Kinjo Sushi & Grill
50.9240458,-114.0727720,Khana Khazana
51.0458998,-114.0700650,Cactus Club Cafe
51.0414110,-114.0676120,Native Tongues Taqueria
50.9784565,-114.0415577,Pho Vietnamese Cuisine & Grill
50.9625706,-114.0592006,Tops Pizza
50.9282821,-114.0278251,Fancy Taste of China
50.9284182,-114.0300076,Pho Vy
50.9737355,-114.0723946,Pho An
50.9736596,-114.0703213,Swiss Chalet
50.9729910,-114.0725017,Redwater Rustic Grille
50.9790409,-114.0699190,Toscana Italian Grill
50.9779853,-114.0691606,Wok with Chan
50.9671995,-114.0725388,PZA Parlour
50.9676117,-114.0722743,BlueFin Sushi & Thai
50.9676529,-114.0730493,Saigon Bistro
50.9657548,-114.0740932,Costa Vida
50.9654139,-114.0740959,Freshii
50.9455511,-114.0698136,Ricky's All Day Grill
50.9453714,-114.0690660,Mina's
50.9448511,-114.0690670,Yume Sushi
50.9448104,-114.0697707,Fire Kirin
50.9339235,-114.0671156,The Smith
50.9312270,-114.0644299,Sunshine
50.9300531,-114.0250622,Pang Pang
50.9310413,-114.0263578,Big T's BBQ & Smokehouse
50.9437617,-114.0692579,Original Joe's
50.9053041,-114.1110927,Donair Grill
50.9681888,-114.0721903,Buffalo Wild Wings
50.9681380,-114.0732156,Little Spice
50.9996670,-114.0709327,Ogam Chicken
50.9998546,-114.0709301,Golden Bell Saigon
50.9430933,-114.0689888,La Piccola Napoli
50.9430173,-114.0691351,Kam Han
50.9431280,-114.0687565,Alladin's Casbah
51.0379802,-114.0831090,The Coup
50.9688553,-114.0704129,Bolsa
50.9732390,-114.0972998,Freshii
50.9741046,-114.0987568,The Dove's Nest
50.9112491,-114.0745879,Royal Masala Paan
51.0041430,-114.1175121,Pfanntastic Pannenkoek Haus
50.9151562,-114.0635191,Kutsara Tinidor
51.0015936,-114.0723764,O'Sullivan's
51.0020359,-114.0723702,Blue Ocean
50.9697282,-114.0479987,Golden Gate Restaurant
50.9903054,-114.0734049,Leo Fu's
50.9849822,-114.0823751,Banzai
51.0112242,-114.0645680,Green Basil
50.9789304,-114.0837531,John Wong's Chinese Restaurant
50.9790038,-114.0837201,Empire Provisions
50.9622358,-114.1328514,Oakridge Phoenix
50.9059543,-114.0481387,Sun Island Eatery
50.9312453,-114.0642336,Soffritto
50.9309596,-114.0637199,Bill's Peking House
51.0530965,-114.0438307,Shiki Menya
50.9606199,-114.0700792,Wellington's of Calgary
51.0146687,-114.0655308,Salt & Pepper
51.0152383,-114.0652838,3Q Tea House
51.0672702,-114.0885625,Sushi BBQ Inn
51.0326357,-114.0713150,Mercato
51.0176001,-114.0628723,Sushi Ichiban
50.9307364,-113.9701524,Ricky's All Day Grill
50.9302821,-113.9719558,Sen Vietnamese Restaurant
50.9303824,-113.9718288,Kungfu Restaurant
51.0363111,-114.1668034,Signature Palace
51.0360971,-114.1659922,Bistro Rouge
51.0371598,-114.1674724,LeVilla
51.0369674,-114.1674108,Misato Sushi & Grill
50.9325039,-113.9703744,Kiro Sushi
50.9329697,-113.9699356,Karma
50.9330021,-113.9697222,Chili Island
50.9329358,-113.9693380,Pizza Hut
50.9329307,-113.9692517,Hong An
50.9327537,-113.9624676,Humpty's
51.0485028,-114.0618778,Dragon Chinese Restaurant
50.9301833,-113.9646918,South St. Burger Co.
50.9313418,-113.9615503,Earls Shepard Flats
50.9509165,-114.0019147,Douglas Peking Express
50.9507094,-114.0023322,Spring Vietnamese Cuisine
50.9510711,-114.0017225,Moroccan Tent
50.9527060,-114.0005727,Ricky's All Day Grill
50.9567645,-114.0695732,Sushi Ginza
50.9574758,-114.0694700,Caesar's
51.0717565,-114.1596443,Notable
50.9148074,-114.0666136,Mighty Mango
50.9146866,-114.0673739,Raj Palace
51.0208781,-114.1433818,Momoyama Sushi
50.9154851,-114.0628916,Golden Village
50.9148808,-114.0650935,Sushi Crave
50.9150960,-114.0658370,Pizza Hut
51.0376891,-114.0673605,Mill Street Brew Pub
51.0379387,-114.0689245,Pigeonhole
50.9832347,-113.9867498,Wonton House
50.9992838,-113.9795463,Vietnam International Restaurant
51.0379436,-114.0786440,Porch
51.0380566,-114.0895500,Taste of Korea
51.0383023,-114.0945272,Nami Sushi & Grill
51.0434111,-114.0701399,National on 10th
51.0432125,-114.0692373,Japanese Village
51.0433612,-114.0692334,Briggs Kitchen & Bar
51.0434336,-114.0713410,Rodney's Oyster House
51.0434132,-114.0710154,Thai Sa-on
51.0129999,-114.1402606,Hodu namu
51.0129872,-114.1401084,Masala Bhavan
50.9141811,-114.0625050,Taste of Himalayas
50.9133344,-114.0614844,Eggsmart
50.9137863,-114.0637184,Moon Korean BBQ
50.9137237,-114.0622862,Shokudo
50.9138576,-114.0635030,Fiesta Market & Restaurant
50.9134646,-114.0630505,Pho So 1
50.9132338,-114.0615664,Gold Bistro
50.9078099,-114.0647073,East Side Mario's
50.9071490,-114.0648631,Phoenix Grill & Lounge
50.9071479,-114.0656787,Shawnessy Vietnamese Restaurant
51.0179522,-114.1707970,Bro'Kin Yolk
50.9598263,-114.0450672,Two One Bistro
51.0712198,-113.9826884,Max's Restaurant
51.0528938,-114.0857370,Oak Tree Tavern
51.0532736,-114.0861096,Ikemen Ramen Bar
51.0955652,-114.2115230,Haandi Indian Cuisine
51.0854472,-114.1248570,Ginger Beef Peking House
51.0895198,-114.2008004,Dell Cafe
51.0904067,-114.1998682,Kin's Chinese Food
51.0722173,-113.9827429,Hot Million
51.1116034,-114.0562827,Sushi Kimu
51.1117910,-114.0562774,Captains Sports Lounge & Grill
51.1115307,-114.0558707,Spice Hut
51.0722096,-114.0621707,Scopa Neighborhood Italian
51.0736550,-114.0559300,La Luna Rossa Ristorante
51.0735258,-114.0559288,Azzuri Pizzerria
51.0736190,-114.0565791,Apple Inn Chinese
51.1115751,-114.0551645,Pho Thanh Vietnamese Noodle House & Restaurant
51.0652359,-114.0622621,Santorini Greek Taverna
51.0703364,-114.0563908,Chianti
51.0708940,-114.0563385,4th St Pizza
50.9534607,-114.1158234,strEATS
51.0375326,-114.1377362,Bow Bulgogi House
50.9690603,-114.0841758,Pizza 73
50.9403670,-114.1203558,HAPPY CUP
51.0586012,-114.0546718,Fiddler's Courtyard
51.0399953,-114.0419429,Red's in Ramsay
51.0375549,-114.1380072,Little Lebanon Pita Pies and Donair
51.0376740,-114.1394180,Chili Club Thai House
51.0375262,-114.1374071,Greco's Pizza
50.8757349,-114.0381414,Green Chili
50.8792541,-114.0713757,Spices East Indian Takeout
51.0242756,-114.1106865,Merchants
51.0892205,-114.1180936,Golden Joy
51.0406860,-114.0660666,St. James Corner
51.0382322,-114.0741780,Ricardo's Hideaway
51.0552613,-114.0857585,Flipp'n Burgers
51.0166569,-114.1603441,Humptys
51.0457339,-114.0659760,The Guild
51.0457888,-114.0664094,Hudson Event Spaces
51.0534010,-114.0510812,Villa Firenze
51.0367165,-113.9631822,Bún bò Huế
51.0505028,-114.0608406,Pho Hoai Vietnamese Noodle House
51.0503987,-114.0619622,Tang Dynasty
51.0498644,-114.0625724,Saigon Y2K Vietnamese Restaurant
51.0501199,-114.0630386,Guilin Noodles
51.0500465,-114.0632210,Han's Restaurant
51.0500634,-114.0629568,Dumpling Lab
51.0685158,-114.0123978,White Elephant Thai Cuisine
51.0747053,-113.9845890,Cora
51.0437173,-114.0818865,Wakado Ramen
51.0434530,-114.0816554,NAM Vietnamese Kitchen
51.1523288,-114.2113486,EggsOasis
51.0403020,-113.9130590,Smitty's
51.0481464,-114.0760143,Chinese Village Restaurant
51.0479338,-114.0759520,Gyu-Kaku
51.0486880,-114.0778858,Sushi Hiro
51.0478423,-114.0817230,Tao's Pizza & Steakhouse
51.0478526,-114.0819875,Ichi Rock
51.0478663,-114.0830410,Jonas' Restaurant
51.0080222,-114.0816301,Browns Socialhouse
51.0375854,-114.0816688,Freshii
51.0424634,-114.0746666,Last Best Brewing & Distilling
51.0478761,-114.0498808,Charbar
51.0479980,-114.0498368,Rooftop Bar @ Simmons
51.0479814,-114.0497002,Sidewalk Citizen
51.0455582,-114.0696860,Earls
50.8789626,-114.0720379,Kung Fu
51.1093721,-114.0437590,The Rec Room
51.0414862,-114.0369925,The Nash
51.0892830,-114.0487966,Hearts Choice Cafe Market
51.0515487,-114.0865208,Eleven-Eleven
51.0531241,-114.0448091,Blue Star Diner
51.0376923,-114.0849223,Shawarma Barlow
51.0527065,-114.0008458,Shawarma Barlow
50.9962360,-114.0733643,Joey Chinook
51.1531906,-114.2064051,Koyla The Charcoal
51.0861247,-114.1547122,Boston Pizza
51.0347203,-114.1915271,Haru Sushi
51.0990127,-113.9562011,Shawarma Palace
51.0873215,-114.1096654,Lotus Fine Indian Cuisine
51.0635029,-114.1947470,Myung Ga Korean Restaurant
51.0704933,-114.1111792,Wheat Pizza By Jay
51.1245901,-113.9317395,Marina
51.1229501,-113.9463677,Lovely Sweets
51.1237319,-113.9464177,Boston Pizza
51.1245873,-113.9480467,Punjabi Sweet House and Restaraunt
51.1246252,-113.9481171,Fritou
51.0500001,-114.0806781,The Street Eatery
51.0496907,-114.0798839,Spicy Amigos
51.0297790,-114.1352473,Jolly Good
51.0485044,-114.0617610,Fusion Sushi
51.1102098,-114.0408750,Original Joe's Restaurant & Bar
51.0531135,-114.0441497,OEB
51.0529618,-114.0415018,The Main Dish
50.9717418,-114.1202049,Involtini Ristorante
51.0001344,-114.0722644,Double Zero Pizza
51.1726324,-114.1577910,Li-Ao Sushi
51.0344921,-114.1918769,Viet Hai
51.1297537,-114.2003279,Pho Anh
50.9465240,-114.1335549,Crispy Crust Pizzeria
50.9626674,-114.0873220,Yum Yum BBQ
51.1279105,-114.1959052,Chicken on the way
50.9533085,-114.1301377,Sabores
50.9484776,-114.0859308,Sizzling Rice
50.9485894,-114.0859308,Pita Stop
51.0373978,-113.9569408,Chopstix
51.0379428,-114.0706169,Cilantro
51.0379864,-114.0730470,Lonely Mouth
51.0395657,-114.0892774,Galaxie Diner
51.0454567,-114.0637932,Annabelle's Kitchen
51.0394915,-114.0814700,Noodlebox
51.0335378,-114.0713613,Blowers & Grafton
51.0337159,-114.0712680,Añejo
51.1243466,-113.9327752,Apna Desi Meat Masala
51.1243440,-113.9325202,Restoi
51.1243490,-113.9329449,JSK
51.1243909,-113.9483547,Shawarma Passion
51.0550647,-114.0857220,Wow Chicken
51.0604025,-114.0630605,K-Town Fried Chicken
51.1472265,-114.1066811,LITTLE INDIA CALGARY
51.1471701,-114.1064937,Tropical Delight Noodle House
51.1389448,-114.2336424,Zaika Restaurant
51.1693072,-114.1454224,Barcelos Flame Grilled Chicken
51.0528067,-114.0673050,Minas Steakhouse
51.0538033,-114.0857248,Red's Diner In Kensington
50.8793125,-113.9597025,Opa Of Greece
51.0615072,-113.9808664,Insadong
51.0456952,-114.0639475,James Joyce Irish Pub
51.0288590,-114.0949596,900 Degree Pizza
51.0233801,-114.1073997,Nam Vietnamese Kitchen
51.0462030,-114.0671550,Goro + Gun
51.0462608,-114.0671098,National on 8th
51.0542321,-114.0856071,Midtown Kitchen & Bar
51.1071966,-113.9744138,Mezban Restaurant
51.0238629,-114.1115275,K-Thi Viet Cuisine
51.1293347,-113.9290586,Pizza Centre
51.0259014,-114.1277126,Katsuten
51.0223293,-114.1141851,Annabelle's Kitchen
51.0507513,-114.0604563,Pho Pasteur Saigon Vietnamese Restaurant
51.1138757,-113.9518111,Real Canadian Pizza
51.1138782,-113.9519767,Punjabi Chulha
51.1270498,-114.2005724,Osmow's
51.0427698,-114.0891000,Cinnamon Indian Cuisine & Bar
51.0666678,-114.0596313,Copper Branch
51.0202350,-114.0587089,Taiko Taco & Canteen
51.1523393,-114.2109607,Chopped Leaf
50.9317377,-113.9593263,Chopped Leaf
50.8971070,-113.9362350,Chopped Leaf
51.1571679,-114.1595564,Chopped Leaf
51.0667228,-114.2097822,Chopped Leaf
51.0404347,-113.9103770,Chopped Leaf
50.9857746,-114.0519599,Big T's BBQ & Smokehouse
51.0522746,-114.0874353,Modern Steak
51.0456634,-114.0628283,Modern Steak
51.0524018,-114.0912797,Niko's Bistro
51.0867860,-114.1046974,Canterra Cafe
51.0705828,-113.9849459,The Chopped Leaf
50.9630999,-114.0101171,Chopped Leaf
51.0550300,-113.9826244,The Canadian Brewhouse
51.0375829,-113.9690617,Osmows Shawarma
51.0911052,-114.0942705,Pelican Peir
51.0475116,-113.9904623,Vern's Pizza
51.0350314,-113.9587373,Deagla
51.0420943,-114.0822120,Tamarind Vietnamese Grill & Noodle House
51.0672797,-114.0589305,Marco's Kitchen
51.0528636,-114.0863756,Osteria
51.0526784,-114.0863695,Fusion Sushi
51.0364605,-114.0203070,Blackfoot Truckstop Diner
51.1052221,-114.1625659,Cuty Vietnamese Kitchen
51.1724802,-114.1581834,Pho Sate Nolan Hill
51.1725027,-114.1581051,Indique
51.0529601,-114.0414000,IKUSA Izakaya & Tokyo Market
51.0557702,-114.0862060,Pho Houz vietnamese kitchen
51.0805460,-114.0141066,Latin American Empanadas Ltd.
51.0381712,-114.0865490,Meltwich Food Co.
51.0379897,-114.0864100,Hankki Korean Street Food
51.0379836,-114.0862410,King's Chinese Food
51.0414749,-114.0352823,Dragon Pearl
51.0415946,-114.0356637,The Eden
51.0377096,-114.0949209,Curry Leaf Indian Restaurant
51.0379779,-114.0953106,Green Chili Fine Indian Cuisine
51.1114981,-114.0551627,KIWA Restaurant
51.1085848,-114.0401700,Buffet Yangtze
51.1283374,-114.0703852,Shanghai Classic Restaurant
51.1267958,-114.0555561,Saigon Red Sky
51.1415906,-114.0693650,CAFE H.K
51.0600672,-114.0623426,Po-ke
51.0605031,-114.0623360,Tokyo Street Market
51.1088037,-114.0389610,Kobe Teppanyaki Lounge
51.1085580,-114.0390843,IHOP
51.1100835,-114.0402560,Freshii
51.0420349,-114.0556369,ZCREW Cafe
51.0421432,-114.0595816,Haru Sushi & Grill
51.0425103,-114.0592701,Grumans Catering and Delicatessen
51.0016904,-114.0595286,Red's Diner
51.1429340,-114.0713540,Feng Kee BBQ​
51.1425225,-114.0717327,Cafe 100% YYC
51.1553414,-114.0571133,Gate of India Calgary East Indian Restaurant
51.0965964,-114.0306716,Edo Japan - Sushi and Grill - Aviation Crossing
51.0972434,-114.0311323,OPA! of Greece Aviation Crossing
51.1412978,-114.0642436,Sunset Grill
51.1100818,-114.0404182,Lotus Deli
51.1081290,-114.0410341,OPA!
51.1081270,-114.0409571,Ono Poke Co.
51.1412973,-114.0646590,Famous Noodles & BBQ Cafe
51.0550472,-114.1057873,Dairy Lane Café
51.0419043,-114.1396912,Smitty's
51.0422066,-114.0793240,Vegan Street Kitchen & Lounge (Beltline)
51.0397711,-114.0820540,BIG John's Pizza and Donairs
51.0670906,-114.0837353,Mymy Sub
51.0457060,-114.0636591,Klein/Harris
51.1334937,-113.9509377,Delhi Express
51.1335011,-113.9520504,Zimidara
51.1525436,-114.0286880,Kinjo District
50.9912954,-114.0708370,Cactus Club
51.0966929,-114.0619860,Golden Sands Chinese Restaurant
50.9429152,-114.0490597,Lake House
51.0463584,-114.0635674,The Palomino
51.0469237,-114.0832821,Luxor Emporium Cafe
51.1560370,-113.9503490,Spice Room Indian Restaurant
51.1557043,-113.9501108,BINH Vietnamese Restaurant
51.0475692,-114.0862608,Kibo Sushi - Kerby
51.0398918,-113.9087217,Barcelos Flame Grilled Chicken
51.0529979,-113.9356873,Barrio Fiesta
51.0530035,-113.9361492,Fusion Box
51.0532670,-113.9426872,Atlas Pizza & Sports Bar
51.0458755,-114.0709641,Hy's Steakhouse & Cocktail Bar
51.0536279,-114.0857208,Tuk Tuk Thai
51.0779835,-114.1444620,The Canadian Brewhouse
51.0780627,-114.1470760,OEB Breakfast Co.
51.0599379,-114.2116099,"Boardwalk Fries, Burgers, and Shakes"
51.0414465,-114.2126328,Kabuku
51.0399300,-114.2086091,Freshii
51.0605906,-114.2093966,Brekkie
51.0604726,-114.2094012,Bravo Pizza
51.0618184,-114.2102550,Yuga
51.0618203,-114.2100259,Towa Sushi & Lounge
51.0622771,-114.2106874,Boston Pizza
51.0667273,-114.2098733,Masa Sushi
51.0337061,-114.2115400,Indian Accent
51.1827353,-114.1581570,Dragon Boat
51.1825053,-114.1575068,Bow Tie Pizza
51.1748413,-114.1096922,JP's Indian Bistro
51.1746297,-114.1072713,Pizza Hut
50.9915699,-114.0024857,Smokehouse Dinner
50.9899024,-114.0014879,Cedars Deli
50.9791477,-114.0466695,Tok-Tok
50.9778353,-114.0473046,Around The Bend
51.0431254,-114.0777093,Noble Pie
50.8645333,-114.0279682,Canadian Pizza Unlimited
50.8647550,-114.0279572,Edo Japan
50.8648038,-114.0293375,Pho Hoan Pasteur
50.8643854,-114.0290658,The Mash
51.0376143,-114.0723810,Pizza Face
51.0379569,-114.0753530,Edo Japan
51.0379545,-114.0765050,Tuk Tuk Thai
51.0371031,-114.0708410,Mr Lu Japanese Street Food & Restaurant
51.0382836,-114.0778680,Katsu 17 Street Food & Ice Cream
51.0403266,-114.0712951,Pho Daddy
51.0380322,-114.0729220,Gringo St.
51.0379549,-114.0764550,5 Senses Ramen & Sushi Bar
51.0383899,-114.0766700,Simply Irie Caribbean Cuisine
51.0397472,-114.0814740,Kanpai Sushi on 8th
51.0384356,-114.0815830,Fork and Salad
51.0376598,-114.0867700,Habesha Ethiopian Cuisine
51.0379687,-114.0876170,Golden Bell
51.0388168,-114.0945344,Sensei Bar
51.0377036,-114.0836384,D Spot Dessert Cafe
51.0376384,-114.0840898,Ceili's
51.0382449,-114.0812085,Brown's Social House
51.0431205,-114.0949380,Taste of India
51.0376354,-114.0889727,Las Canarias
51.0379664,-114.0621900,Smoke N BBQ
51.0449900,-114.0657265,Thai Thien
51.0377046,-114.0787430,Alumni
51.0377062,-114.0786890,Blanco Cantina
51.0340736,-114.0712880,Western Coffee Shop Chinese Food
51.0345498,-114.0712661,Blaze Pizza
51.0332155,-114.0717620,OEB Breakfast Co
51.0393321,-114.0815301,Paros Real Greek
51.0428402,-114.0738619,The Curryer
51.0416817,-114.0788590,Asadal
51.0467629,-114.0675000,Ha Long Bay
51.0379645,-114.0728497,Cleaver
51.0423419,-114.0734134,strEATS
51.0460644,-114.0749678,The DERRICK Gin Mill & Bar
51.0417885,-114.0804741,Mirchi
51.0437452,-114.0836417,Donna Mac
51.0434906,-114.0816563,Freshii
51.0397480,-114.0308990,The Attic Bar & Stage
51.0397159,-114.0309670,Vegan Street
51.1057891,-113.9702631,El-Rouhaa Pita Bakery & Restaurant
51.0570571,-114.0950724,BROUHAHA
51.0803836,-114.0056260,Takoyami
51.0423035,-114.0672140,Kama
51.0418955,-114.0674318,Central Taps & Food
51.1285317,-114.0085400,lb Taphouse
51.1311393,-114.0115532,The Burger Federation
51.0405507,-113.9092130,BarBurrito
51.0471671,-114.0492517,Chix Eggshop
51.0460604,-114.0535275,The Garden Grille & Bar
51.0398825,-114.0304268,Monki Breakfast & Bistro
51.0408793,-114.0330461,Minh Châu
51.0409827,-114.0333500,Norley's Authentic Colombian Street Food
51.0357175,-114.1660522,Jordan Valley Shawarma
51.0410897,-114.0660113,Ten Foot Henry
51.0005203,-114.0708154,Gaucho Brazilian BBQ
51.0498739,-114.0751595,Fonda Fora
51.0296006,-114.0302904,Ghost Kitchens
51.0780126,-114.1446220,The Banquet
51.0403724,-114.0660768,Freshslice Pizza
51.0636191,-113.9578057,Asian Grill - BBQ & Chinese Halal.
51.0779145,-114.1450360,Borough Bar & Grill
51.0452935,-114.0586396,Chocoland
51.0517398,-114.0702399,1886 Buffalo
51.0493251,-114.0695552,Brix and Barrell Restaurant
51.0527815,-114.1212909,Pizza Bob's
51.0775827,-114.1470999,Freshii
51.0777962,-114.1465535,Osmow's
51.0872192,-114.1289172,Golden Dragon
51.0478142,-114.0814058,What The Poke
51.0330162,-114.0713530,Carino
51.0331023,-114.0713469,Aida's Bistro
51.0332935,-114.0713574,Bincho Sushi and Izakaya
51.0346841,-114.0713304,Rajdoot
51.0351478,-114.0713149,Milk Tiger
51.0350608,-114.0713132,Seed N Salt
51.0349135,-114.0713194,Shokunin
51.0307509,-114.0717774,South Block BBQ & Brewing Company
51.0380083,-114.0911810,Oodle Noodle
51.1045702,-114.1883262,Mitillini's Pizza and Steak House
51.1052321,-114.1882036,Silver Point Pub & Eatery
51.0699940,-114.1168566,Viet Garden
51.0705204,-114.1169768,Gree  Chili
51.0862465,-114.1116655,JT’s Clubhouse
51.0799108,-113.9978642,Kabab e Tabaq
51.0347379,-114.0713384,Roy's Korean Kitchen
51.0442908,-114.0621869,Royal India
