,Unnamed: 0,lat,long,score,cluster
7,7,43.5928,-79.5506,2.2446075747465373,4
8,8,43.5928,-79.54078571428572,4.612108486467697,4
9,9,43.5928,-79.53097142857142,5.266320241108204,4
10,10,43.5928,-79.52115714285713,6.17251338988552,4
11,11,43.5928,-79.51134285714285,6.157777993142619,4
12,12,43.5928,-79.50152857142857,3.759449017456804,4
13,13,43.5928,-79.49171428571428,0.8325879670154464,4
56,56,43.59768775510204,-79.56041428571429,0.788022100994093,4
57,57,43.59768775510204,-79.5506,4.360958254479503,4
58,58,43.59768775510204,-79.54078571428572,6.681858642144671,4
59,59,43.59768775510204,-79.53097142857142,6.329343312042583,4
60,60,43.59768775510204,-79.52115714285713,8.361912065725924,4
61,61,43.59768775510204,-79.51134285714285,11.108179224825127,4
62,62,43.59768775510204,-79.50152857142857,8.858450527638862,4
63,63,43.59768775510204,-79.49171428571428,2.2831518984998285,4
106,106,43.60257551020408,-79.56041428571429,1.896398951735498,4
107,107,43.60257551020408,-79.5506,5.674648848273131,4
108,108,43.60257551020408,-79.54078571428572,6.245662886397978,4
109,109,43.60257551020408,-79.53097142857142,4.437249570242609,4
110,110,43.60257551020408,-79.52115714285713,5.718957751292449,4
111,111,43.60257551020408,-79.51134285714285,9.929852138392176,4
112,112,43.60257551020408,-79.50152857142857,9.919854714345284,4
113,113,43.60257551020408,-79.49171428571428,3.44362827143194,4
114,114,43.60257551020408,-79.4819,0.6711567347624323,4
155,155,43.60746326530612,-79.57022857142857,1.0617832455359326,4
156,156,43.60746326530612,-79.56041428571429,4.53526892067921,4
157,157,43.60746326530612,-79.5506,6.694811004700062,4
158,158,43.60746326530612,-79.54078571428572,4.745276919524776,4
159,159,43.60746326530612,-79.53097142857142,2.570428677514008,4
160,160,43.60746326530612,-79.52115714285713,2.440596702420693,4
161,161,43.60746326530612,-79.51134285714285,4.539054242571853,4
162,162,43.60746326530612,-79.50152857142857,6.3831229134078535,4
163,163,43.60746326530612,-79.49171428571428,5.410773345309329,4
164,164,43.60746326530612,-79.4819,2.6395430004794056,4
205,205,43.61235102040816,-79.57022857142857,1.965511276222348,4
206,206,43.61235102040816,-79.56041428571429,7.53080878441776,4
207,207,43.61235102040816,-79.5506,8.219243640229472,4
208,208,43.61235102040816,-79.54078571428572,4.833908614185579,4
209,209,43.61235102040816,-79.53097142857142,2.6553373876849338,4
210,210,43.61235102040816,-79.52115714285713,1.972255545869421,4
211,211,43.61235102040816,-79.51134285714285,2.165013095141801,4
212,212,43.61235102040816,-79.50152857142857,5.5682437954111705,4
213,213,43.61235102040816,-79.49171428571428,9.835062679683594,4
214,214,43.61235102040816,-79.4819,6.223854640431684,4
215,215,43.61235102040816,-79.47208571428571,1.0588169808308412,4
255,255,43.6172387755102,-79.57022857142857,1.8427137316562456,4
256,256,43.6172387755102,-79.56041428571429,7.319180796469438,4
257,257,43.6172387755102,-79.5506,8.375376882599648,4
258,258,43.6172387755102,-79.54078571428572,5.705166377504966,4
259,259,43.6172387755102,-79.53097142857142,4.038520605378226,4
260,260,43.6172387755102,-79.52115714285713,3.668071952433598,4
261,261,43.6172387755102,-79.51134285714285,3.9017657178420486,4
262,262,43.6172387755102,-79.50152857142857,8.051337737862742,4
263,263,43.6172387755102,-79.49171428571428,11.822149485443337,4
264,264,43.6172387755102,-79.4819,8.147086648269058,4
265,265,43.6172387755102,-79.47208571428571,2.070286833894187,4
305,305,43.62212653061224,-79.57022857142857,1.0421765529327052,4
306,306,43.62212653061224,-79.56041428571429,4.371741945715272,4
307,307,43.62212653061224,-79.5506,5.971542804311597,4
308,308,43.62212653061224,-79.54078571428572,4.6666876570028935,4
309,309,43.62212653061224,-79.53097142857142,4.216738201311983,4
310,310,43.62212653061224,-79.52115714285713,4.959033504916657,4
311,311,43.62212653061224,-79.51134285714285,7.213288483807115,4
312,312,43.62212653061224,-79.50152857142857,11.30313165375655,4
313,313,43.62212653061224,-79.49171428571428,10.28505604199334,4
314,314,43.62212653061224,-79.4819,7.827832843172369,4
315,315,43.62212653061224,-79.47208571428571,3.338406965062478,4
355,355,43.62701428571428,-79.57022857142857,0.8956633595928852,4
356,356,43.62701428571428,-79.56041428571429,2.5415423678180606,4
357,357,43.62701428571428,-79.5506,4.118585389036831,4
358,358,43.62701428571428,-79.54078571428572,3.872669777855776,4
359,359,43.62701428571428,-79.53097142857142,3.126107893852038,4
360,360,43.62701428571428,-79.52115714285713,3.971898372907626,4
361,361,43.62701428571428,-79.51134285714285,7.673889845350443,4
362,362,43.62701428571428,-79.50152857142857,11.901313894879715,4
363,363,43.62701428571428,-79.49171428571428,8.779640791977403,4
364,364,43.62701428571428,-79.4819,7.129725927610511,4
365,365,43.62701428571428,-79.47208571428571,3.895007360457498,4
366,366,43.62701428571428,-79.46227142857143,0.6039456554410032,4
367,367,43.62701428571428,-79.45245714285714,0.5188584349970915,4
368,368,43.62701428571428,-79.44264285714286,1.31073867547444,5
369,369,43.62701428571428,-79.43282857142857,1.460635413289029,5
370,370,43.62701428571428,-79.42301428571429,1.253293149970772,5
371,371,43.62701428571428,-79.4132,1.0299388266723242,5
372,372,43.62701428571428,-79.40338571428572,1.4858768884156444,5
373,373,43.62701428571428,-79.39357142857143,1.5685272601242035,5
374,374,43.62701428571428,-79.38375714285715,1.2593139350205216,5
375,375,43.62701428571428,-79.37394285714285,0.6313390651833426,5
377,377,43.62701428571428,-79.35431428571428,0.5030400469891477,5
404,404,43.63190204081632,-79.58004285714286,0.5387498770901693,4
405,405,43.63190204081632,-79.57022857142857,1.3737022053678418,4
406,406,43.63190204081632,-79.56041428571429,2.747062473374773,4
407,407,43.63190204081632,-79.5506,4.594339468767765,4
408,408,43.63190204081632,-79.54078571428572,5.506742449933411,4
409,409,43.63190204081632,-79.53097142857142,2.9678853317598235,4
410,410,43.63190204081632,-79.52115714285713,2.2939061453384344,4
411,411,43.63190204081632,-79.51134285714285,4.563864396244608,4
412,412,43.63190204081632,-79.50152857142857,7.416830967305855,4
413,413,43.63190204081632,-79.49171428571428,6.000528661659132,4
414,414,43.63190204081632,-79.4819,5.059746832954525,4
415,415,43.63190204081632,-79.47208571428571,2.693604822736115,4
416,416,43.63190204081632,-79.46227142857143,0.7264504869864118,4
417,417,43.63190204081632,-79.45245714285714,3.0109787720586554,4
418,418,43.63190204081632,-79.44264285714286,7.542061097051637,5
419,419,43.63190204081632,-79.43282857142857,8.549172377579062,5
420,420,43.63190204081632,-79.42301428571429,7.292159385780375,5
421,421,43.63190204081632,-79.4132,5.58975804174439,5
422,422,43.63190204081632,-79.40338571428572,6.989653075792008,5
423,423,43.63190204081632,-79.39357142857143,8.486490929030765,5
424,424,43.63190204081632,-79.38375714285715,8.062180754324984,5
425,425,43.63190204081632,-79.37394285714285,4.263680290970576,5
426,426,43.63190204081632,-79.36412857142857,1.1870506219853785,5
427,427,43.63190204081632,-79.35431428571428,0.7261646721751684,5
455,455,43.63678979591836,-79.57022857142857,1.626415795356574,4
456,456,43.63678979591836,-79.56041428571429,2.8400580930745547,4
457,457,43.63678979591836,-79.5506,4.380610459454516,4
458,458,43.63678979591836,-79.54078571428572,6.961169591641685,4
459,459,43.63678979591836,-79.53097142857142,4.83225260961172,4
460,460,43.63678979591836,-79.52115714285713,3.3007078230669085,4
461,461,43.63678979591836,-79.51134285714285,3.350085945249987,4
462,462,43.63678979591836,-79.50152857142857,3.2551890735427107,4
463,463,43.63678979591836,-79.49171428571428,2.919223967235037,4
464,464,43.63678979591836,-79.4819,3.027702160364653,4
465,465,43.63678979591836,-79.47208571428571,1.6275431759471848,4
466,466,43.63678979591836,-79.46227142857143,1.4429632901726628,4
467,467,43.63678979591836,-79.45245714285714,9.068732976607349,4
468,468,43.63678979591836,-79.44264285714286,20.80222242165304,5
469,469,43.63678979591836,-79.43282857142857,24.326973413966,5
470,470,43.63678979591836,-79.42301428571429,22.64223842268993,5
471,471,43.63678979591836,-79.4132,19.60519831784704,5
472,472,43.63678979591836,-79.40338571428572,25.06530874464238,5
473,473,43.63678979591836,-79.39357142857143,30.92210953155585,5
474,474,43.63678979591836,-79.38375714285715,30.310186128452465,5
475,475,43.63678979591836,-79.37394285714285,17.39446665514619,5
476,476,43.63678979591836,-79.36412857142857,4.601100107619796,5
477,477,43.63678979591836,-79.35431428571428,0.9652816630630944,5
501,501,43.64167755102041,-79.60948571428571,0.9550995546919164,0
502,502,43.64167755102041,-79.59967142857143,0.956052960240312,0
505,505,43.64167755102041,-79.57022857142857,1.685650529442828,4
506,506,43.64167755102041,-79.56041428571429,2.4302078651277625,4
507,507,43.64167755102041,-79.5506,3.077817236732481,4
508,508,43.64167755102041,-79.54078571428572,6.81414336655587,4
509,509,43.64167755102041,-79.53097142857142,8.526609554606143,4
510,510,43.64167755102041,-79.52115714285713,8.523687178796248,4
511,511,43.64167755102041,-79.51134285714285,7.305691092300101,4
512,512,43.64167755102041,-79.50152857142857,3.3473637729057444,4
513,513,43.64167755102041,-79.49171428571428,2.8460681932349443,4
514,514,43.64167755102041,-79.4819,5.525367506060161,4
515,515,43.64167755102041,-79.47208571428571,3.680115067319684,4
516,516,43.64167755102041,-79.46227142857143,3.358414795593845,4
517,517,43.64167755102041,-79.45245714285714,15.832799829018636,4
518,518,43.64167755102041,-79.44264285714286,29.56899052565525,5
519,519,43.64167755102041,-79.43282857142857,36.111873262243606,5
520,520,43.64167755102041,-79.42301428571429,41.866720950715866,5
521,521,43.64167755102041,-79.4132,44.3787895768319,5
522,522,43.64167755102041,-79.40338571428572,61.08872468480539,5
523,523,43.64167755102041,-79.39357142857143,75.29331433280998,5
524,524,43.64167755102041,-79.38375714285715,73.64198814770026,5
525,525,43.64167755102041,-79.37394285714285,46.815987074334814,5
526,526,43.64167755102041,-79.36412857142857,14.961702243851793,5
527,527,43.64167755102041,-79.35431428571428,2.738106691142428,5
551,551,43.64656530612245,-79.60948571428571,2.1466171763877644,0
552,552,43.64656530612245,-79.59967142857143,2.242346156054188,0
553,553,43.64656530612245,-79.58985714285714,0.5396058716976055,0
554,554,43.64656530612245,-79.58004285714286,0.5889790085608918,0
555,555,43.64656530612245,-79.57022857142857,1.610443634474568,4
556,556,43.64656530612245,-79.56041428571429,1.9572146255363485,4
557,557,43.64656530612245,-79.5506,2.1752693365546567,4
558,558,43.64656530612245,-79.54078571428572,5.534734996083531,4
559,559,43.64656530612245,-79.53097142857142,10.552423053628296,4
560,560,43.64656530612245,-79.52115714285713,12.434651289169594,4
561,561,43.64656530612245,-79.51134285714285,11.493677666979936,4
562,562,43.64656530612245,-79.50152857142857,5.289844072629895,4
563,563,43.64656530612245,-79.49171428571428,6.117031573773159,4
564,564,43.64656530612245,-79.4819,13.546584537701708,4
565,565,43.64656530612245,-79.47208571428571,9.434028150070962,4
566,566,43.64656530612245,-79.46227142857143,6.620571577579694,4
567,567,43.64656530612245,-79.45245714285714,19.70762192014806,4
568,568,43.64656530612245,-79.44264285714286,26.75389805574825,5
569,569,43.64656530612245,-79.43282857142857,34.48436392428076,5
570,570,43.64656530612245,-79.42301428571429,53.01513203671992,5
571,571,43.64656530612245,-79.4132,67.33925838898247,5
572,572,43.64656530612245,-79.40338571428572,97.74193549198372,5
573,573,43.64656530612245,-79.39357142857143,120.5413522929159,5
574,574,43.64656530612245,-79.38375714285715,121.07734569415554,5
575,575,43.64656530612245,-79.37394285714285,84.22862404674214,5
576,576,43.64656530612245,-79.36412857142857,31.215814640296035,5
577,577,43.64656530612245,-79.35431428571428,7.135973784918809,5
578,578,43.64656530612245,-79.3445,1.4001380189630233,1
601,601,43.65145306122449,-79.60948571428571,2.2116765749764418,0
602,602,43.65145306122449,-79.59967142857143,2.514185209052115,0
603,603,43.65145306122449,-79.58985714285714,0.921458336106701,0
604,604,43.65145306122449,-79.58004285714286,1.102079397133931,0
605,605,43.65145306122449,-79.57022857142857,1.4119099164992657,4
606,606,43.65145306122449,-79.56041428571429,1.252639149353242,4
607,607,43.65145306122449,-79.5506,1.4311957912358348,4
608,608,43.65145306122449,-79.54078571428572,3.283501941069367,4
609,609,43.65145306122449,-79.53097142857142,7.404270092014087,4
610,610,43.65145306122449,-79.52115714285713,9.003427161167187,4
611,611,43.65145306122449,-79.51134285714285,8.717759270931943,4
612,612,43.65145306122449,-79.50152857142857,4.810664347035538,4
613,613,43.65145306122449,-79.49171428571428,8.725581694481246,4
614,614,43.65145306122449,-79.4819,18.348859046532706,4
615,615,43.65145306122449,-79.47208571428571,13.42863986880357,4
616,616,43.65145306122449,-79.46227142857143,9.974226051163312,4
617,617,43.65145306122449,-79.45245714285714,20.477423728775427,4
618,618,43.65145306122449,-79.44264285714286,22.707785563174333,5
619,619,43.65145306122449,-79.43282857142857,30.993710323022896,5
620,620,43.65145306122449,-79.42301428571429,54.06819232509738,5
621,621,43.65145306122449,-79.4132,79.24005605473339,5
622,622,43.65145306122449,-79.40338571428572,115.74943467252082,5
623,623,43.65145306122449,-79.39357142857143,134.65055738309212,5
624,624,43.65145306122449,-79.38375714285715,140.43204376870997,5
625,625,43.65145306122449,-79.37394285714285,99.84487723455224,5
626,626,43.65145306122449,-79.36412857142857,39.59153123062462,5
627,627,43.65145306122449,-79.35431428571428,12.583903298047774,5
628,628,43.65145306122449,-79.3445,5.471881374804093,1
629,629,43.65145306122449,-79.33468571428571,2.1635767339666474,1
630,630,43.65145306122449,-79.32487142857143,0.5000684358439439,1
651,651,43.65634081632653,-79.60948571428571,1.0793976198242303,0
652,652,43.65634081632653,-79.59967142857143,1.4715073700806327,0
653,653,43.65634081632653,-79.58985714285714,1.2867340286707216,0
654,654,43.65634081632653,-79.58004285714286,1.7951678577410413,0
655,655,43.65634081632653,-79.57022857142857,1.377001992608788,0
656,656,43.65634081632653,-79.56041428571429,0.8415516640145924,4
657,657,43.65634081632653,-79.5506,0.9010098694489118,4
658,658,43.65634081632653,-79.54078571428572,1.4725790087038526,4
659,659,43.65634081632653,-79.53097142857142,2.8317718358401254,4
660,660,43.65634081632653,-79.52115714285713,3.492137934762169,4
661,661,43.65634081632653,-79.51134285714285,3.4787915229091286,4
662,662,43.65634081632653,-79.50152857142857,2.880690940396567,4
663,663,43.65634081632653,-79.49171428571428,8.564059886022433,4
664,664,43.65634081632653,-79.4819,15.8863201875347,4
665,665,43.65634081632653,-79.47208571428571,14.183460967587838,4
666,666,43.65634081632653,-79.46227142857143,12.392644126178752,4
667,667,43.65634081632653,-79.45245714285714,17.747888910334133,4
668,668,43.65634081632653,-79.44264285714286,21.80184295635544,5
669,669,43.65634081632653,-79.43282857142857,32.3181884432902,5
670,670,43.65634081632653,-79.42301428571429,52.37769428610383,5
671,671,43.65634081632653,-79.4132,82.04166579277981,5
672,672,43.65634081632653,-79.40338571428572,111.4119275735048,5
673,673,43.65634081632653,-79.39357142857143,116.6407449804001,5
674,674,43.65634081632653,-79.38375714285715,127.38882983172698,5
675,675,43.65634081632653,-79.37394285714285,88.22088185893719,5
676,676,43.65634081632653,-79.36412857142857,37.09089524857503,5
677,677,43.65634081632653,-79.35431428571428,17.682688193434352,5
678,678,43.65634081632653,-79.3445,13.795644458742585,1
679,679,43.65634081632653,-79.33468571428571,7.47808460268013,1
680,680,43.65634081632653,-79.32487142857143,2.248985338990712,1
681,681,43.65634081632653,-79.31505714285714,0.821046362846532,1
682,682,43.65634081632653,-79.30524285714286,0.5654987385245397,1
702,702,43.661228571428566,-79.59967142857143,0.5743326905948475,0
703,703,43.661228571428566,-79.58985714285714,1.432303973342703,0
704,704,43.661228571428566,-79.58004285714286,1.9394801292883368,0
705,705,43.661228571428566,-79.57022857142857,1.1337249802463627,0
706,706,43.661228571428566,-79.56041428571429,0.6338450550193551,0
707,707,43.661228571428566,-79.5506,0.6256227692923637,4
708,708,43.661228571428566,-79.54078571428572,0.7131380219471758,4
709,709,43.661228571428566,-79.53097142857142,0.6662501413036015,4
710,710,43.661228571428566,-79.52115714285713,0.9507943833329424,4
711,711,43.661228571428566,-79.51134285714285,1.1472226556626883,4
712,712,43.661228571428566,-79.50152857142857,2.091415646369572,4
713,713,43.661228571428566,-79.49171428571428,8.390510963750751,4
714,714,43.661228571428566,-79.4819,15.445445674084276,4
715,715,43.661228571428566,-79.47208571428571,20.19116788840694,4
716,716,43.661228571428566,-79.46227142857143,17.164930136899493,4
717,717,43.661228571428566,-79.45245714285714,13.467432201459255,4
718,718,43.661228571428566,-79.44264285714286,18.60511341213484,5
719,719,43.661228571428566,-79.43282857142857,30.88982834594118,5
720,720,43.661228571428566,-79.42301428571429,49.95777476695053,5
721,721,43.661228571428566,-79.4132,78.50435056552179,5
722,722,43.661228571428566,-79.40338571428572,90.75433877190434,5
723,723,43.661228571428566,-79.39357142857143,89.23294651009853,5
724,724,43.661228571428566,-79.38375714285715,104.96848565577346,5
725,725,43.661228571428566,-79.37394285714285,74.38597226671148,5
726,726,43.661228571428566,-79.36412857142857,36.1200789683236,5
727,727,43.661228571428566,-79.35431428571428,20.446478684268826,1
728,728,43.661228571428566,-79.3445,19.415447254842636,1
729,729,43.661228571428566,-79.33468571428571,13.262144347665073,1
730,730,43.661228571428566,-79.32487142857143,5.587525428462666,1
731,731,43.661228571428566,-79.31505714285714,2.870833982617762,1
732,732,43.661228571428566,-79.30524285714286,2.1066835792914014,1
733,733,43.661228571428566,-79.29542857142857,1.5128871618120767,1
734,734,43.661228571428566,-79.28561428571429,0.8925627263241503,1
753,753,43.666116326530606,-79.58985714285714,0.9773262695876448,0
754,754,43.666116326530606,-79.58004285714286,1.1708347448593008,0
755,755,43.666116326530606,-79.57022857142857,0.5463359924963828,0
762,762,43.666116326530606,-79.50152857142857,1.9280236512284612,4
763,763,43.666116326530606,-79.49171428571428,8.505457739265383,4
764,764,43.666116326530606,-79.4819,17.210131350242268,4
765,765,43.666116326530606,-79.47208571428571,25.99901377510377,4
766,766,43.666116326530606,-79.46227142857143,22.1640035942988,4
767,767,43.666116326530606,-79.45245714285714,12.46374988149178,4
768,768,43.666116326530606,-79.44264285714286,13.779222177987348,5
769,769,43.666116326530606,-79.43282857142857,21.180479923056534,5
770,770,43.666116326530606,-79.42301428571429,38.49214170930773,5
771,771,43.666116326530606,-79.4132,64.96814871720143,5
772,772,43.666116326530606,-79.40338571428572,68.59867415743666,5
773,773,43.666116326530606,-79.39357142857143,75.30007808447591,5
774,774,43.666116326530606,-79.38375714285715,89.2267444187907,5
775,775,43.666116326530606,-79.37394285714285,62.01458662646098,5
776,776,43.666116326530606,-79.36412857142857,33.290604052522674,5
777,777,43.666116326530606,-79.35431428571428,18.62883438792604,1
778,778,43.666116326530606,-79.3445,17.002769926336043,1
779,779,43.666116326530606,-79.33468571428571,14.013501804991662,1
780,780,43.666116326530606,-79.32487142857143,9.330502210643616,1
781,781,43.666116326530606,-79.31505714285714,6.307154254509554,1
782,782,43.666116326530606,-79.30524285714286,4.664057440557734,1
783,783,43.666116326530606,-79.29542857142857,5.1825687168972205,1
784,784,43.666116326530606,-79.28561428571429,3.925232197493464,1
785,785,43.666116326530606,-79.2758,0.9141157769035988,1
812,812,43.67100408163265,-79.50152857142857,1.8284493421772847,4
813,813,43.67100408163265,-79.49171428571428,6.750085963740514,4
814,814,43.67100408163265,-79.4819,14.019252944371296,4
815,815,43.67100408163265,-79.47208571428571,21.53105701230329,4
816,816,43.67100408163265,-79.46227142857143,22.031145310153487,4
817,817,43.67100408163265,-79.45245714285714,17.636290797039067,4
818,818,43.67100408163265,-79.44264285714286,17.575393407384922,5
819,819,43.67100408163265,-79.43282857142857,16.34950709905704,5
820,820,43.67100408163265,-79.42301428571429,23.78677925143846,5
821,821,43.67100408163265,-79.4132,39.35641235058159,5
822,822,43.67100408163265,-79.40338571428572,44.40260093369332,5
823,823,43.67100408163265,-79.39357142857143,63.52902989671669,5
824,824,43.67100408163265,-79.38375714285715,68.54029756363988,5
825,825,43.67100408163265,-79.37394285714285,40.97921111205734,5
826,826,43.67100408163265,-79.36412857142857,23.749599006868497,5
827,827,43.67100408163265,-79.35431428571428,18.45710279005393,1
828,828,43.67100408163265,-79.3445,14.948840048958663,1
829,829,43.67100408163265,-79.33468571428571,11.40717365329452,1
830,830,43.67100408163265,-79.32487142857143,11.445693880426148,1
831,831,43.67100408163265,-79.31505714285714,8.841981603543772,1
832,832,43.67100408163265,-79.30524285714286,6.123366008367889,1
833,833,43.67100408163265,-79.29542857142857,9.455988411223707,1
834,834,43.67100408163265,-79.28561428571429,8.806605818716088,1
835,835,43.67100408163265,-79.2758,2.347234811398296,1
853,853,43.67589183673469,-79.58985714285714,0.5835725868727526,0
861,861,43.67589183673469,-79.51134285714285,0.7604830200702131,4
862,862,43.67589183673469,-79.50152857142857,2.186530709981976,4
863,863,43.67589183673469,-79.49171428571428,5.060427782701524,4
864,864,43.67589183673469,-79.4819,9.25978329318881,4
865,865,43.67589183673469,-79.47208571428571,14.589598879104576,4
866,866,43.67589183673469,-79.46227142857143,18.30065697716451,4
867,867,43.67589183673469,-79.45245714285714,22.746700798989217,4
868,868,43.67589183673469,-79.44264285714286,28.02612436748166,5
869,869,43.67589183673469,-79.43282857142857,24.607039691554537,5
870,870,43.67589183673469,-79.42301428571429,22.21651217822149,5
871,871,43.67589183673469,-79.4132,21.061594027892987,5
872,872,43.67589183673469,-79.40338571428572,23.98031140920495,5
873,873,43.67589183673469,-79.39357142857143,42.51143912299903,5
874,874,43.67589183673469,-79.38375714285715,38.84051379653958,5
875,875,43.67589183673469,-79.37394285714285,18.32220631853213,5
876,876,43.67589183673469,-79.36412857142857,14.935806038611416,5
877,877,43.67589183673469,-79.35431428571428,22.31838315325033,1
878,878,43.67589183673469,-79.3445,18.05571090337445,1
879,879,43.67589183673469,-79.33468571428571,9.420335825083376,1
880,880,43.67589183673469,-79.32487142857143,10.043317469487992,1
881,881,43.67589183673469,-79.31505714285714,8.47260159974341,1
882,882,43.67589183673469,-79.30524285714286,5.880787488259808,1
883,883,43.67589183673469,-79.29542857142857,10.842161985900978,1
884,884,43.67589183673469,-79.28561428571429,11.947408844167724,1
885,885,43.67589183673469,-79.2758,3.889755277976618,1
902,902,43.68077959183673,-79.59967142857143,1.255389756884009,0
903,903,43.68077959183673,-79.58985714285714,1.881652382873404,0
904,904,43.68077959183673,-79.58004285714286,1.5436680037203143,0
905,905,43.68077959183673,-79.57022857142857,0.967309348961204,0
906,906,43.68077959183673,-79.56041428571429,0.6791878926952277,0
907,907,43.68077959183673,-79.5506,0.7102183564816893,0
908,908,43.68077959183673,-79.54078571428572,0.6825940105643783,0
909,909,43.68077959183673,-79.53097142857142,1.054404778947064,4
910,910,43.68077959183673,-79.52115714285713,0.997525322255018,4
911,911,43.68077959183673,-79.51134285714285,1.0206549212839795,4
912,912,43.68077959183673,-79.50152857142857,3.0900287522626475,4
913,913,43.68077959183673,-79.49171428571428,6.619784393960077,4
914,914,43.68077959183673,-79.4819,8.800912637766597,4
915,915,43.68077959183673,-79.47208571428571,11.184305433770168,4
916,916,43.68077959183673,-79.46227142857143,11.92104897289878,4
917,917,43.68077959183673,-79.45245714285714,17.602624455612425,4
918,918,43.68077959183673,-79.44264285714286,27.70950304664717,5
919,919,43.68077959183673,-79.43282857142857,30.533130251510443,5
920,920,43.68077959183673,-79.42301428571429,26.648044804567263,5
921,921,43.68077959183673,-79.4132,14.845493335819077,5
922,922,43.68077959183673,-79.40338571428572,14.129925437380251,5
923,923,43.68077959183673,-79.39357142857143,27.49852633435455,5
924,924,43.68077959183673,-79.38375714285715,18.905202008253763,5
925,925,43.68077959183673,-79.37394285714285,5.919322489905208,5
926,926,43.68077959183673,-79.36412857142857,8.260137280916519,1
927,927,43.68077959183673,-79.35431428571428,18.71838188109058,1
928,928,43.68077959183673,-79.3445,17.45786031739055,1
929,929,43.68077959183673,-79.33468571428571,8.164175345511234,1
930,930,43.68077959183673,-79.32487142857143,8.024620641528077,1
931,931,43.68077959183673,-79.31505714285714,8.161400642551294,1
932,932,43.68077959183673,-79.30524285714286,6.713980676446742,1
933,933,43.68077959183673,-79.29542857142857,10.479418924834569,1
934,934,43.68077959183673,-79.28561428571429,11.459704393239486,1
935,935,43.68077959183673,-79.2758,4.816527870768107,1
936,936,43.68077959183673,-79.26598571428572,1.4079329059595491,1
952,952,43.68566734693877,-79.59967142857143,1.938745581733476,0
953,953,43.68566734693877,-79.58985714285714,3.620190167851444,0
954,954,43.68566734693877,-79.58004285714286,4.592418756501041,0
955,955,43.68566734693877,-79.57022857142857,3.1994092027500587,0
956,956,43.68566734693877,-79.56041428571429,1.101268010803578,0
957,957,43.68566734693877,-79.5506,0.7418370435602265,0
958,958,43.68566734693877,-79.54078571428572,1.3279637639369333,0
959,959,43.68566734693877,-79.53097142857142,1.9625387507669092,0
960,960,43.68566734693877,-79.52115714285713,1.5913515494210295,4
961,961,43.68566734693877,-79.51134285714285,1.557118771669482,4
962,962,43.68566734693877,-79.50152857142857,4.915749086820744,4
963,963,43.68566734693877,-79.49171428571428,9.554023105898631,4
964,964,43.68566734693877,-79.4819,9.305002410142452,4
965,965,43.68566734693877,-79.47208571428571,8.62186068205107,4
966,966,43.68566734693877,-79.46227142857143,6.752841462082167,4
967,967,43.68566734693877,-79.45245714285714,9.983010612531409,4
968,968,43.68566734693877,-79.44264285714286,17.88298687676346,5
969,969,43.68566734693877,-79.43282857142857,21.7382613565912,5
970,970,43.68566734693877,-79.42301428571429,19.8000528896367,5
971,971,43.68566734693877,-79.4132,10.6654279290346,5
972,972,43.68566734693877,-79.40338571428572,11.593432923516534,5
973,973,43.68566734693877,-79.39357142857143,22.53418231049473,5
974,974,43.68566734693877,-79.38375714285715,11.783432825614542,5
975,975,43.68566734693877,-79.37394285714285,2.288688171921871,5
976,976,43.68566734693877,-79.36412857142857,3.4047676956237587,1
977,977,43.68566734693877,-79.35431428571428,9.517994150166231,1
978,978,43.68566734693877,-79.3445,11.504982960672974,1
979,979,43.68566734693877,-79.33468571428571,6.518884840244674,1
980,980,43.68566734693877,-79.32487142857143,6.998721433524775,1
981,981,43.68566734693877,-79.31505714285714,8.640630633654444,1
982,982,43.68566734693877,-79.30524285714286,8.372533880415006,1
983,983,43.68566734693877,-79.29542857142857,9.84173734973136,1
984,984,43.68566734693877,-79.28561428571429,8.293577490624335,1
985,985,43.68566734693877,-79.2758,4.929185301627154,1
986,986,43.68566734693877,-79.26598571428572,3.288162237638042,1
987,987,43.68566734693877,-79.25617142857143,0.9846464769847464,1
1002,1002,43.69055510204081,-79.59967142857143,1.647852032968815,0
1003,1003,43.69055510204081,-79.58985714285714,3.901525645678117,0
1004,1004,43.69055510204081,-79.58004285714286,6.609556403021816,0
1005,1005,43.69055510204081,-79.57022857142857,5.039274192414948,0
1006,1006,43.69055510204081,-79.56041428571429,1.6283933636059238,0
1007,1007,43.69055510204081,-79.5506,1.0139553044467302,0
1008,1008,43.69055510204081,-79.54078571428572,1.8437105738303787,0
1009,1009,43.69055510204081,-79.53097142857142,2.370535357935301,0
1010,1010,43.69055510204081,-79.52115714285713,2.4802828624202,0
1011,1011,43.69055510204081,-79.51134285714285,3.360472443755133,4
1012,1012,43.69055510204081,-79.50152857142857,6.713316208301744,4
1013,1013,43.69055510204081,-79.49171428571428,9.275392705842918,4
1014,1014,43.69055510204081,-79.4819,7.039372799705769,4
1015,1015,43.69055510204081,-79.47208571428571,5.768523606854346,4
1016,1016,43.69055510204081,-79.46227142857143,5.331894763647465,4
1017,1017,43.69055510204081,-79.45245714285714,10.284724651627569,4
1018,1018,43.69055510204081,-79.44264285714286,14.270286896603547,5
1019,1019,43.69055510204081,-79.43282857142857,12.341439459172724,5
1020,1020,43.69055510204081,-79.42301428571429,9.296789657744965,5
1021,1021,43.69055510204081,-79.4132,6.258449311118282,5
1022,1022,43.69055510204081,-79.40338571428572,10.005103738224266,5
1023,1023,43.69055510204081,-79.39357142857143,18.22640056565182,5
1024,1024,43.69055510204081,-79.38375714285715,8.869872107523976,5
1025,1025,43.69055510204081,-79.37394285714285,2.007830486351829,5
1026,1026,43.69055510204081,-79.36412857142857,1.6211855695626909,1
1027,1027,43.69055510204081,-79.35431428571428,4.431942023583985,1
1028,1028,43.69055510204081,-79.3445,7.603215548170492,1
1029,1029,43.69055510204081,-79.33468571428571,6.060097816571833,1
1030,1030,43.69055510204081,-79.32487142857143,5.949583813832869,1
1031,1031,43.69055510204081,-79.31505714285714,7.062741192237557,1
1032,1032,43.69055510204081,-79.30524285714286,7.356941282957691,1
1033,1033,43.69055510204081,-79.29542857142857,7.988900697816365,1
1034,1034,43.69055510204081,-79.28561428571429,5.614299804681263,1
1035,1035,43.69055510204081,-79.2758,4.495616202975776,1
1036,1036,43.69055510204081,-79.26598571428572,4.461585618286521,1
1037,1037,43.69055510204081,-79.25617142857143,1.7544139731008923,1
1052,1052,43.69544285714285,-79.59967142857143,1.0045184737730173,0
1053,1053,43.69544285714285,-79.58985714285714,2.4682501283359755,0
1054,1054,43.69544285714285,-79.58004285714286,4.4787813275459225,0
1055,1055,43.69544285714285,-79.57022857142857,3.663791038336014,0
1056,1056,43.69544285714285,-79.56041428571429,1.5691874303788125,0
1057,1057,43.69544285714285,-79.5506,1.4246729354379255,0
1058,1058,43.69544285714285,-79.54078571428572,1.8612289518884348,0
1059,1059,43.69544285714285,-79.53097142857142,2.688739426425233,0
1060,1060,43.69544285714285,-79.52115714285713,5.356505755423425,0
1061,1061,43.69544285714285,-79.51134285714285,7.282524710605876,4
1062,1062,43.69544285714285,-79.50152857142857,7.952296811197456,4
1063,1063,43.69544285714285,-79.49171428571428,6.942826694161327,4
1064,1064,43.69544285714285,-79.4819,4.77382090023811,4
1065,1065,43.69544285714285,-79.47208571428571,4.093772674160711,4
1066,1066,43.69544285714285,-79.46227142857143,5.571483215017556,4
1067,1067,43.69544285714285,-79.45245714285714,13.909973438749464,4
1068,1068,43.69544285714285,-79.44264285714286,16.037168602160868,5
1069,1069,43.69544285714285,-79.43282857142857,12.585561387540452,5
1070,1070,43.69544285714285,-79.42301428571429,8.234888664291743,5
1071,1071,43.69544285714285,-79.4132,6.418607987075785,5
1072,1072,43.69544285714285,-79.40338571428572,11.890532810012916,5
1073,1073,43.69544285714285,-79.39357142857143,18.53075584007356,5
1074,1074,43.69544285714285,-79.38375714285715,10.94942609544944,5
1075,1075,43.69544285714285,-79.37394285714285,4.9786685110205084,5
1076,1076,43.69544285714285,-79.36412857142857,2.639819195419685,1
1077,1077,43.69544285714285,-79.35431428571428,3.0100412081704926,1
1078,1078,43.69544285714285,-79.3445,5.714008800336609,1
1079,1079,43.69544285714285,-79.33468571428571,5.8786324685011175,1
1080,1080,43.69544285714285,-79.32487142857143,5.172057216785421,1
1081,1081,43.69544285714285,-79.31505714285714,4.603595788942702,1
1082,1082,43.69544285714285,-79.30524285714286,4.119184351597201,1
1083,1083,43.69544285714285,-79.29542857142857,4.5705125094281245,1
1084,1084,43.69544285714285,-79.28561428571429,3.559054294966002,1
1085,1085,43.69544285714285,-79.2758,3.060904946559897,1
1086,1086,43.69544285714285,-79.26598571428572,3.395357406221025,1
1087,1087,43.69544285714285,-79.25617142857143,1.7992438131456396,1
1102,1102,43.7003306122449,-79.59967142857143,0.5553341123860703,0
1103,1103,43.7003306122449,-79.58985714285714,1.056831940669415,0
1104,1104,43.7003306122449,-79.58004285714286,1.5367722074841617,0
1105,1105,43.7003306122449,-79.57022857142857,1.5215294116107314,0
1106,1106,43.7003306122449,-79.56041428571429,1.357156016221435,0
1107,1107,43.7003306122449,-79.5506,1.5455914253631384,0
1108,1108,43.7003306122449,-79.54078571428572,1.5206390208574374,0
1109,1109,43.7003306122449,-79.53097142857142,3.275637994187476,0
1110,1110,43.7003306122449,-79.52115714285713,8.134422883400502,0
1111,1111,43.7003306122449,-79.51134285714285,10.772299894858424,0
1112,1112,43.7003306122449,-79.50152857142857,9.91073027469776,4
1113,1113,43.7003306122449,-79.49171428571428,6.4715735681259785,4
1114,1114,43.7003306122449,-79.4819,5.018491114557846,4
1115,1115,43.7003306122449,-79.47208571428571,4.235139343256561,4
1116,1116,43.7003306122449,-79.46227142857143,5.195184327745338,4
1117,1117,43.7003306122449,-79.45245714285714,13.131796470109215,3
1118,1118,43.7003306122449,-79.44264285714286,14.38486743326704,3
1119,1119,43.7003306122449,-79.43282857142857,13.954121438165751,5
1120,1120,43.7003306122449,-79.42301428571429,11.390831550060737,5
1121,1121,43.7003306122449,-79.4132,12.322861577252352,5
1122,1122,43.7003306122449,-79.40338571428572,22.68623203119317,5
1123,1123,43.7003306122449,-79.39357142857143,30.321787093097925,5
1124,1124,43.7003306122449,-79.38375714285715,20.357047792256004,5
1125,1125,43.7003306122449,-79.37394285714285,12.747312392311276,1
1126,1126,43.7003306122449,-79.36412857142857,6.67898822281545,1
1127,1127,43.7003306122449,-79.35431428571428,3.6313209910608313,1
1128,1128,43.7003306122449,-79.3445,4.670090114204795,1
1129,1129,43.7003306122449,-79.33468571428571,4.449375210494159,1
1130,1130,43.7003306122449,-79.32487142857143,3.5501508081942417,1
1131,1131,43.7003306122449,-79.31505714285714,2.8131805864258874,1
1132,1132,43.7003306122449,-79.30524285714286,2.3409876230274858,1
1133,1133,43.7003306122449,-79.29542857142857,2.5485891565938856,1
1134,1134,43.7003306122449,-79.28561428571429,1.8483918806113464,1
1135,1135,43.7003306122449,-79.2758,1.352213129839834,1
1136,1136,43.7003306122449,-79.26598571428572,1.5774872453226303,1
1137,1137,43.7003306122449,-79.25617142857143,1.438616628988125,1
1138,1138,43.7003306122449,-79.24635714285715,0.7151164554647089,2
1153,1153,43.70521836734694,-79.58985714285714,0.5752092482801833,0
1154,1154,43.70521836734694,-79.58004285714286,0.7515173769211982,0
1155,1155,43.70521836734694,-79.57022857142857,1.6375000524744818,0
1156,1156,43.70521836734694,-79.56041428571429,2.493338096887308,0
1157,1157,43.70521836734694,-79.5506,1.9176541451987617,0
1158,1158,43.70521836734694,-79.54078571428572,1.667880915769772,0
1159,1159,43.70521836734694,-79.53097142857142,3.5449495634577994,0
1160,1160,43.70521836734694,-79.52115714285713,6.626116519990234,0
1161,1161,43.70521836734694,-79.51134285714285,9.539008839313944,0
1162,1162,43.70521836734694,-79.50152857142857,10.145304966263623,0
1163,1163,43.70521836734694,-79.49171428571428,6.415715407463045,4
1164,1164,43.70521836734694,-79.4819,5.314627352938514,4
1165,1165,43.70521836734694,-79.47208571428571,4.415596631275088,4
1166,1166,43.70521836734694,-79.46227142857143,5.172506786781891,3
1167,1167,43.70521836734694,-79.45245714285714,10.796351388973726,3
1168,1168,43.70521836734694,-79.44264285714286,10.31799774633587,3
1169,1169,43.70521836734694,-79.43282857142857,9.476446710683984,3
1170,1170,43.70521836734694,-79.42301428571429,9.261062982554703,3
1171,1171,43.70521836734694,-79.4132,15.37520580819525,5
1172,1172,43.70521836734694,-79.40338571428572,32.40991972680723,5
1173,1173,43.70521836734694,-79.39357142857143,39.82746202320559,5
1174,1174,43.70521836734694,-79.38375714285715,26.02209010151961,5
1175,1175,43.70521836734694,-79.37394285714285,18.64686934532538,1
1176,1176,43.70521836734694,-79.36412857142857,10.947682909319145,1
1177,1177,43.70521836734694,-79.35431428571428,5.547954902385323,1
1178,1178,43.70521836734694,-79.3445,5.121816588904358,1
1179,1179,43.70521836734694,-79.33468571428571,3.788370640147607,1
1180,1180,43.70521836734694,-79.32487142857143,2.079912923136763,1
1181,1181,43.70521836734694,-79.31505714285714,1.9811566357395105,1
1182,1182,43.70521836734694,-79.30524285714286,2.5551758836007803,1
1183,1183,43.70521836734694,-79.29542857142857,2.9628460124524576,1
1184,1184,43.70521836734694,-79.28561428571429,1.5973519436966108,1
1185,1185,43.70521836734694,-79.2758,0.8174920484332374,1
1186,1186,43.70521836734694,-79.26598571428572,0.8451769874097034,1
1187,1187,43.70521836734694,-79.25617142857143,1.3666677099365108,2
1188,1188,43.70521836734694,-79.24635714285715,1.2408544015699792,2
1202,1202,43.71010612244898,-79.59967142857143,1.0048023328391746,0
1203,1203,43.71010612244898,-79.58985714285714,1.118325800309418,0
1204,1204,43.71010612244898,-79.58004285714286,1.3814528488296516,0
1205,1205,43.71010612244898,-79.57022857142857,3.44253309598789,0
1206,1206,43.71010612244898,-79.56041428571429,5.110576532073064,0
1207,1207,43.71010612244898,-79.5506,2.982983182163684,0
1208,1208,43.71010612244898,-79.54078571428572,2.2225309740700685,0
1209,1209,43.71010612244898,-79.53097142857142,3.4512825782401366,0
1210,1210,43.71010612244898,-79.52115714285713,3.6492869268179695,0
1211,1211,43.71010612244898,-79.51134285714285,6.234200526886236,0
1212,1212,43.71010612244898,-79.50152857142857,7.102511066930282,0
1213,1213,43.71010612244898,-79.49171428571428,4.500952813024735,4
1214,1214,43.71010612244898,-79.4819,3.8300769187980106,4
1215,1215,43.71010612244898,-79.47208571428571,3.3136080180047767,3
1216,1216,43.71010612244898,-79.46227142857143,5.982929913542651,3
1217,1217,43.71010612244898,-79.45245714285714,10.474827194716417,3
1218,1218,43.71010612244898,-79.44264285714286,7.985041333759182,3
1219,1219,43.71010612244898,-79.43282857142857,5.316924048700792,3
1220,1220,43.71010612244898,-79.42301428571429,4.772172180280918,3
1221,1221,43.71010612244898,-79.4132,10.614053440931874,3
1222,1222,43.71010612244898,-79.40338571428572,28.393310074612405,3
1223,1223,43.71010612244898,-79.39357142857143,32.77044209874712,5
1224,1224,43.71010612244898,-79.38375714285715,18.73857500909372,5
1225,1225,43.71010612244898,-79.37394285714285,14.126757160292264,1
1226,1226,43.71010612244898,-79.36412857142857,10.16074976382754,1
1227,1227,43.71010612244898,-79.35431428571428,5.816722189908831,1
1228,1228,43.71010612244898,-79.3445,5.023508319113554,1
1229,1229,43.71010612244898,-79.33468571428571,4.70092042357239,1
1230,1230,43.71010612244898,-79.32487142857143,2.313207969114301,1
1231,1231,43.71010612244898,-79.31505714285714,1.9031322944343656,1
1232,1232,43.71010612244898,-79.30524285714286,3.3747261171977865,1
1233,1233,43.71010612244898,-79.29542857142857,4.07317676487027,1
1234,1234,43.71010612244898,-79.28561428571429,2.2771123257214443,1
1235,1235,43.71010612244898,-79.2758,1.3800595762810972,1
1236,1236,43.71010612244898,-79.26598571428572,1.1719837038494152,1
1237,1237,43.71010612244898,-79.25617142857143,1.2865925786647543,2
1238,1238,43.71010612244898,-79.24635714285715,1.5277538682216294,2
1239,1239,43.71010612244898,-79.23654285714287,0.936530507044411,2
1250,1250,43.71499387755102,-79.6193,0.6855928295114035,0
1251,1251,43.71499387755102,-79.60948571428571,1.336854498980054,0
1252,1252,43.71499387755102,-79.59967142857143,2.3811438108126284,0
1253,1253,43.71499387755102,-79.58985714285714,2.0604428844186984,0
1254,1254,43.71499387755102,-79.58004285714286,2.1529321207427463,0
1255,1255,43.71499387755102,-79.57022857142857,4.8511285168313325,0
1256,1256,43.71499387755102,-79.56041428571429,6.487068582089192,0
1257,1257,43.71499387755102,-79.5506,3.809176066846639,0
1258,1258,43.71499387755102,-79.54078571428572,2.1858473366109754,0
1259,1259,43.71499387755102,-79.53097142857142,2.805065433657435,0
1260,1260,43.71499387755102,-79.52115714285713,3.060922834672448,0
1261,1261,43.71499387755102,-79.51134285714285,6.327923012547547,0
1262,1262,43.71499387755102,-79.50152857142857,5.296007265533835,0
1263,1263,43.71499387755102,-79.49171428571428,2.825446643463659,0
1264,1264,43.71499387755102,-79.4819,2.2713510669596797,4
1265,1265,43.71499387755102,-79.47208571428571,2.301386352928347,3
1266,1266,43.71499387755102,-79.46227142857143,7.80096270496376,3
1267,1267,43.71499387755102,-79.45245714285714,11.868412896496144,3
1268,1268,43.71499387755102,-79.44264285714286,6.987501981193097,3
1269,1269,43.71499387755102,-79.43282857142857,5.252153738112308,3
1270,1270,43.71499387755102,-79.42301428571429,3.87066024187423,3
1271,1271,43.71499387755102,-79.4132,5.453417041958778,3
1272,1272,43.71499387755102,-79.40338571428572,15.773061253562112,3
1273,1273,43.71499387755102,-79.39357142857143,16.621934601330913,3
1274,1274,43.71499387755102,-79.38375714285715,7.715294841861781,3
1275,1275,43.71499387755102,-79.37394285714285,5.834864439721986,1
1276,1276,43.71499387755102,-79.36412857142857,5.460260829592003,1
1277,1277,43.71499387755102,-79.35431428571428,3.624322204477302,1
1278,1278,43.71499387755102,-79.3445,3.705148551922533,1
1279,1279,43.71499387755102,-79.33468571428571,5.292626824475038,1
1280,1280,43.71499387755102,-79.32487142857143,2.868033923450114,1
1281,1281,43.71499387755102,-79.31505714285714,2.019056978123301,1
1282,1282,43.71499387755102,-79.30524285714286,4.426093321468501,1
1283,1283,43.71499387755102,-79.29542857142857,5.480317386261129,1
1284,1284,43.71499387755102,-79.28561428571429,3.4379027442403047,1
1285,1285,43.71499387755102,-79.2758,1.9013602695613072,1
1286,1286,43.71499387755102,-79.26598571428572,1.546797227270044,2
1287,1287,43.71499387755102,-79.25617142857143,1.115435583890442,2
1288,1288,43.71499387755102,-79.24635714285715,1.555358202134419,2
1289,1289,43.71499387755102,-79.23654285714287,1.7845635288829425,2
1290,1290,43.71499387755102,-79.22672857142858,0.8335208194396574,2
1300,1300,43.719881632653056,-79.6193,1.5486228981956995,0
1301,1301,43.719881632653056,-79.60948571428571,2.658381094708407,0
1302,1302,43.719881632653056,-79.59967142857143,3.4413375567910087,0
1303,1303,43.719881632653056,-79.58985714285714,2.290399749217908,0
1304,1304,43.719881632653056,-79.58004285714286,2.2922806817978683,0
1305,1305,43.719881632653056,-79.57022857142857,4.711236937346683,0
1306,1306,43.719881632653056,-79.56041428571429,5.590048693051802,0
1307,1307,43.719881632653056,-79.5506,4.161804088404978,0
1308,1308,43.719881632653056,-79.54078571428572,1.946747925037125,0
1309,1309,43.719881632653056,-79.53097142857142,1.9296720818833728,0
1310,1310,43.719881632653056,-79.52115714285713,3.523861222481001,0
1311,1311,43.719881632653056,-79.51134285714285,7.730408707537889,0
1312,1312,43.719881632653056,-79.50152857142857,5.641443145615965,0
1313,1313,43.719881632653056,-79.49171428571428,2.973738921388141,0
1314,1314,43.719881632653056,-79.4819,2.2352565985560657,3
1315,1315,43.719881632653056,-79.47208571428571,2.7888069045920862,3
1316,1316,43.719881632653056,-79.46227142857143,9.8086805024252,3
1317,1317,43.719881632653056,-79.45245714285714,13.551383114436716,3
1318,1318,43.719881632653056,-79.44264285714286,6.753297822360017,3
1319,1319,43.719881632653056,-79.43282857142857,6.549334691663627,3
1320,1320,43.719881632653056,-79.42301428571429,5.890367015527979,3
1321,1321,43.719881632653056,-79.4132,5.017540281126734,3
1322,1322,43.719881632653056,-79.40338571428572,7.049014555249068,3
1323,1323,43.719881632653056,-79.39357142857143,5.649609594850925,3
1324,1324,43.719881632653056,-79.38375714285715,2.169199363828938,3
1325,1325,43.719881632653056,-79.37394285714285,1.7962497878327843,1
1326,1326,43.719881632653056,-79.36412857142857,1.829030165381729,1
1327,1327,43.719881632653056,-79.35431428571428,1.7441495402321463,1
1328,1328,43.719881632653056,-79.3445,3.4390919617867293,1
1329,1329,43.719881632653056,-79.33468571428571,4.818490780286423,1
1330,1330,43.719881632653056,-79.32487142857143,2.2983225664603584,1
1331,1331,43.719881632653056,-79.31505714285714,1.6843820672657348,1
1332,1332,43.719881632653056,-79.30524285714286,5.215774174416309,1
1333,1333,43.719881632653056,-79.29542857142857,8.176194220559239,1
1334,1334,43.719881632653056,-79.28561428571429,6.372934373129267,1
1335,1335,43.719881632653056,-79.2758,2.613960881076084,2
1336,1336,43.719881632653056,-79.26598571428572,1.9524335349434296,2
1337,1337,43.719881632653056,-79.25617142857143,1.1115465427166669,2
1338,1338,43.719881632653056,-79.24635714285715,1.3437017438998515,2
1339,1339,43.719881632653056,-79.23654285714287,2.784970343951803,2
1340,1340,43.719881632653056,-79.22672857142858,2.2158870723048607,2
1350,1350,43.724769387755096,-79.6193,2.3126096969755787,0
1351,1351,43.724769387755096,-79.60948571428571,3.997305120707634,0
1352,1352,43.724769387755096,-79.59967142857143,4.383790560467076,0
1353,1353,43.724769387755096,-79.58985714285714,2.293544827334449,0
1354,1354,43.724769387755096,-79.58004285714286,1.771239297506059,0
1355,1355,43.724769387755096,-79.57022857142857,3.517605083102596,0
1356,1356,43.724769387755096,-79.56041428571429,4.671010138155419,0
1357,1357,43.724769387755096,-79.5506,4.350733431433606,0
1358,1358,43.724769387755096,-79.54078571428572,1.9544183340167656,0
1359,1359,43.724769387755096,-79.53097142857142,1.4168469712577003,0
1360,1360,43.724769387755096,-79.52115714285713,2.685643792302462,0
1361,1361,43.724769387755096,-79.51134285714285,5.465937640585236,0
1362,1362,43.724769387755096,-79.50152857142857,4.445159926191768,0
1363,1363,43.724769387755096,-79.49171428571428,3.5286895828130267,0
1364,1364,43.724769387755096,-79.4819,3.6743169556330217,3
1365,1365,43.724769387755096,-79.47208571428571,5.267182771934404,3
1366,1366,43.724769387755096,-79.46227142857143,10.42505006370958,3
1367,1367,43.724769387755096,-79.45245714285714,12.602385455247472,3
1368,1368,43.724769387755096,-79.44264285714286,6.964513150928717,3
1369,1369,43.724769387755096,-79.43282857142857,8.172409852699696,3
1370,1370,43.724769387755096,-79.42301428571429,9.710430768758842,3
1371,1371,43.724769387755096,-79.4132,8.514179169480176,3
1372,1372,43.724769387755096,-79.40338571428572,6.171460975020268,3
1373,1373,43.724769387755096,-79.39357142857143,2.6181518322594792,3
1374,1374,43.724769387755096,-79.38375714285715,0.714688386914256,3
1375,1375,43.724769387755096,-79.37394285714285,0.7073901933104918,1
1376,1376,43.724769387755096,-79.36412857142857,0.7329316279663127,1
1377,1377,43.724769387755096,-79.35431428571428,2.0490585591652244,1
1378,1378,43.724769387755096,-79.3445,5.392719843455963,1
1379,1379,43.724769387755096,-79.33468571428571,4.685331544389635,1
1380,1380,43.724769387755096,-79.32487142857143,1.4534131731167386,1
1381,1381,43.724769387755096,-79.31505714285714,1.0607242022492644,1
1382,1382,43.724769387755096,-79.30524285714286,4.573384015110767,1
1383,1383,43.724769387755096,-79.29542857142857,9.499282871625864,1
1384,1384,43.724769387755096,-79.28561428571429,9.283367279770983,1
1385,1385,43.724769387755096,-79.2758,4.495470187996489,2
1386,1386,43.724769387755096,-79.26598571428572,3.961995875637926,2
1387,1387,43.724769387755096,-79.25617142857143,2.2564772993422006,2
1388,1388,43.724769387755096,-79.24635714285715,1.6184751630307357,2
1389,1389,43.724769387755096,-79.23654285714287,3.364802906135553,2
1390,1390,43.724769387755096,-79.22672857142858,3.279964960749182,2
1391,1391,43.724769387755096,-79.21691428571428,0.7205328486474778,2
1400,1400,43.72965714285714,-79.6193,2.467358051137701,0
1401,1401,43.72965714285714,-79.60948571428571,5.444864305491829,0
1402,1402,43.72965714285714,-79.59967142857143,6.459715497583885,0
1403,1403,43.72965714285714,-79.58985714285714,3.277872690109505,0
1404,1404,43.72965714285714,-79.58004285714286,1.7632995600483068,0
1405,1405,43.72965714285714,-79.57022857142857,4.177211322669038,0
1406,1406,43.72965714285714,-79.56041428571429,6.097267471641358,0
1407,1407,43.72965714285714,-79.5506,4.122632715249671,0
1408,1408,43.72965714285714,-79.54078571428572,1.9481578879516612,0
1409,1409,43.72965714285714,-79.53097142857142,1.206037247385939,0
1410,1410,43.72965714285714,-79.52115714285713,1.4531080606393694,0
1411,1411,43.72965714285714,-79.51134285714285,2.5081855894203406,0
1412,1412,43.72965714285714,-79.50152857142857,2.344182752532437,0
1413,1413,43.72965714285714,-79.49171428571428,2.9666992265291543,0
1414,1414,43.72965714285714,-79.4819,4.3123475042880415,3
1415,1415,43.72965714285714,-79.47208571428571,7.484704839476592,3
1416,1416,43.72965714285714,-79.46227142857143,9.955375316734164,3
1417,1417,43.72965714285714,-79.45245714285714,9.406315971797008,3
1418,1418,43.72965714285714,-79.44264285714286,7.558058403243493,3
1419,1419,43.72965714285714,-79.43282857142857,10.66800519779022,3
1420,1420,43.72965714285714,-79.42301428571429,15.025230855564509,3
1421,1421,43.72965714285714,-79.4132,13.097054719015963,3
1422,1422,43.72965714285714,-79.40338571428572,8.369077983324463,3
1423,1423,43.72965714285714,-79.39357142857143,2.849474033557103,3
1426,1426,43.72965714285714,-79.36412857142857,1.0231571648032878,1
1427,1427,43.72965714285714,-79.35431428571428,3.8017252979941047,1
1428,1428,43.72965714285714,-79.3445,7.819997123819121,1
1429,1429,43.72965714285714,-79.33468571428571,4.645566851682633,1
1430,1430,43.72965714285714,-79.32487142857143,1.191048731041899,1
1431,1431,43.72965714285714,-79.31505714285714,0.8035064946355474,1
1432,1432,43.72965714285714,-79.30524285714286,2.9212180399820444,1
1433,1433,43.72965714285714,-79.29542857142857,6.890601114761942,1
1434,1434,43.72965714285714,-79.28561428571429,8.152401168953778,2
1435,1435,43.72965714285714,-79.2758,5.968536549022838,2
1436,1436,43.72965714285714,-79.26598571428572,6.789601153373472,2
1437,1437,43.72965714285714,-79.25617142857143,5.407179388506082,2
1438,1438,43.72965714285714,-79.24635714285715,3.789786767752174,2
1439,1439,43.72965714285714,-79.23654285714287,3.120542811426133,2
1440,1440,43.72965714285714,-79.22672857142858,2.660594314963648,2
1441,1441,43.72965714285714,-79.21691428571428,0.9517846254165008,2
1450,1450,43.73454489795918,-79.6193,1.7758720225645308,0
1451,1451,43.73454489795918,-79.60948571428571,5.756271491254097,0
1452,1452,43.73454489795918,-79.59967142857143,7.399467134723774,0
1453,1453,43.73454489795918,-79.58985714285714,4.171847376175328,0
1454,1454,43.73454489795918,-79.58004285714286,2.880539855856082,0
1455,1455,43.73454489795918,-79.57022857142857,7.619567576627977,0
1456,1456,43.73454489795918,-79.56041428571429,9.570649559965323,0
1457,1457,43.73454489795918,-79.5506,4.4710713106667646,0
1458,1458,43.73454489795918,-79.54078571428572,2.838920703850213,0
1459,1459,43.73454489795918,-79.53097142857142,1.6400800852047,0
1460,1460,43.73454489795918,-79.52115714285713,1.657205840482212,0
1461,1461,43.73454489795918,-79.51134285714285,2.807592237734072,0
1462,1462,43.73454489795918,-79.50152857142857,1.8170076234471777,0
1463,1463,43.73454489795918,-79.49171428571428,1.9062522382525775,0
1464,1464,43.73454489795918,-79.4819,2.8835025566839474,3
1465,1465,43.73454489795918,-79.47208571428571,5.589528903289294,3
1466,1466,43.73454489795918,-79.46227142857143,6.791690219062591,3
1467,1467,43.73454489795918,-79.45245714285714,5.6886047480625415,3
1468,1468,43.73454489795918,-79.44264285714286,8.10704943562796,3
1469,1469,43.73454489795918,-79.43282857142857,12.532044252794003,3
1470,1470,43.73454489795918,-79.42301428571429,17.287927727255248,3
1471,1471,43.73454489795918,-79.4132,13.812171285696389,3
1472,1472,43.73454489795918,-79.40338571428572,7.406098342640337,3
1473,1473,43.73454489795918,-79.39357142857143,2.430093946043525,3
1474,1474,43.73454489795918,-79.38375714285715,0.6827543445749682,3
1475,1475,43.73454489795918,-79.37394285714285,0.5860160306482946,3
1476,1476,43.73454489795918,-79.36412857142857,1.3814231344441288,1
1477,1477,43.73454489795918,-79.35431428571428,4.667321794240889,1
1478,1478,43.73454489795918,-79.3445,8.211176108239936,1
1479,1479,43.73454489795918,-79.33468571428571,3.9707863476657113,1
1480,1480,43.73454489795918,-79.32487142857143,1.4548183913111086,1
1481,1481,43.73454489795918,-79.31505714285714,1.5516237582033967,1
1482,1482,43.73454489795918,-79.30524285714286,3.3084062333820388,1
1483,1483,43.73454489795918,-79.29542857142857,4.4872337797341455,2
1484,1484,43.73454489795918,-79.28561428571429,4.7174146244386135,2
1485,1485,43.73454489795918,-79.2758,4.889274944198216,2
1486,1486,43.73454489795918,-79.26598571428572,7.066354235596832,2
1487,1487,43.73454489795918,-79.25617142857143,8.282214733387598,2
1488,1488,43.73454489795918,-79.24635714285715,6.786451162640342,2
1489,1489,43.73454489795918,-79.23654285714287,3.2814547000004164,2
1490,1490,43.73454489795918,-79.22672857142858,2.146955651665238,2
1491,1491,43.73454489795918,-79.21691428571428,1.9811853863418127,2
1492,1492,43.73454489795918,-79.2071,0.6395525173587173,2
1500,1500,43.73943265306122,-79.6193,1.0704748003940403,0
1501,1501,43.73943265306122,-79.60948571428571,4.710014084605862,0
1502,1502,43.73943265306122,-79.59967142857143,5.862732442470287,0
1503,1503,43.73943265306122,-79.58985714285714,4.194624818659475,0
1504,1504,43.73943265306122,-79.58004285714286,4.05473143173765,0
1505,1505,43.73943265306122,-79.57022857142857,8.41306955545918,0
1506,1506,43.73943265306122,-79.56041428571429,9.487820696745272,0
1507,1507,43.73943265306122,-79.5506,4.922336141502225,0
1508,1508,43.73943265306122,-79.54078571428572,4.297481822883783,0
1509,1509,43.73943265306122,-79.53097142857142,2.34308731852786,0
1510,1510,43.73943265306122,-79.52115714285713,2.6067007411036207,0
1511,1511,43.73943265306122,-79.51134285714285,4.548904888442449,0
1512,1512,43.73943265306122,-79.50152857142857,2.522538936136775,0
1513,1513,43.73943265306122,-79.49171428571428,2.1334871423936197,0
1514,1514,43.73943265306122,-79.4819,2.0941196579292822,3
1515,1515,43.73943265306122,-79.47208571428571,2.2015504513066357,3
1516,1516,43.73943265306122,-79.46227142857143,2.6729226665589256,3
1517,1517,43.73943265306122,-79.45245714285714,2.7817855109014515,3
1518,1518,43.73943265306122,-79.44264285714286,6.647544729929011,3
1519,1519,43.73943265306122,-79.43282857142857,10.27608923812579,3
1520,1520,43.73943265306122,-79.42301428571429,12.06349153948909,3
1521,1521,43.73943265306122,-79.4132,8.949924129337429,3
1522,1522,43.73943265306122,-79.40338571428572,4.036446793923763,3
1523,1523,43.73943265306122,-79.39357142857143,1.354134034040078,3
1524,1524,43.73943265306122,-79.38375714285715,1.0049277671548886,3
1525,1525,43.73943265306122,-79.37394285714285,0.9632919134498364,3
1526,1526,43.73943265306122,-79.36412857142857,1.3642171989366494,1
1527,1527,43.73943265306122,-79.35431428571428,3.7589910911048174,1
1528,1528,43.73943265306122,-79.3445,6.065703695479203,1
1529,1529,43.73943265306122,-79.33468571428571,2.846974766860087,1
1530,1530,43.73943265306122,-79.32487142857143,1.9293526108354109,1
1531,1531,43.73943265306122,-79.31505714285714,3.299148134863481,1
1532,1532,43.73943265306122,-79.30524285714286,7.011971983923019,1
1533,1533,43.73943265306122,-79.29542857142857,6.526373137375276,2
1534,1534,43.73943265306122,-79.28561428571429,3.869392143148844,2
1535,1535,43.73943265306122,-79.2758,3.21464803901847,2
1536,1536,43.73943265306122,-79.26598571428572,4.830129275980888,2
1537,1537,43.73943265306122,-79.25617142857143,7.062694958345939,2
1538,1538,43.73943265306122,-79.24635714285715,6.243554347195886,2
1539,1539,43.73943265306122,-79.23654285714287,3.293255362550897,2
1540,1540,43.73943265306122,-79.22672857142858,2.7865284973362674,2
1541,1541,43.73943265306122,-79.21691428571428,3.708237492013828,2
1542,1542,43.73943265306122,-79.2071,1.4277704079885098,2
1550,1550,43.74432040816326,-79.6193,0.7413056340078725,0
1551,1551,43.74432040816326,-79.60948571428571,3.554961984571959,0
1552,1552,43.74432040816326,-79.59967142857143,4.203773775946435,0
1553,1553,43.74432040816326,-79.58985714285714,4.061935810419546,0
1554,1554,43.74432040816326,-79.58004285714286,4.34735102731654,0
1555,1555,43.74432040816326,-79.57022857142857,5.167589056786361,0
1556,1556,43.74432040816326,-79.56041428571429,6.262962755214072,0
1557,1557,43.74432040816326,-79.5506,6.378332239996569,0
1558,1558,43.74432040816326,-79.54078571428572,5.718751669823179,0
1559,1559,43.74432040816326,-79.53097142857142,2.609811974451828,0
1560,1560,43.74432040816326,-79.52115714285713,2.84547132286856,0
1561,1561,43.74432040816326,-79.51134285714285,4.419718331509607,0
1562,1562,43.74432040816326,-79.50152857142857,2.592074037902473,0
1563,1563,43.74432040816326,-79.49171428571428,3.2854499226904736,0
1564,1564,43.74432040816326,-79.4819,2.8014159670019825,3
1565,1565,43.74432040816326,-79.47208571428571,0.9394945094824952,3
1566,1566,43.74432040816326,-79.46227142857143,1.2103920960818988,3
1567,1567,43.74432040816326,-79.45245714285714,2.0874201180948297,3
1568,1568,43.74432040816326,-79.44264285714286,3.961314562452064,3
1569,1569,43.74432040816326,-79.43282857142857,5.014045099483956,3
1570,1570,43.74432040816326,-79.42301428571429,4.794421487364576,3
1571,1571,43.74432040816326,-79.4132,4.170048080893998,3
1572,1572,43.74432040816326,-79.40338571428572,2.2738385844261924,3
1573,1573,43.74432040816326,-79.39357142857143,0.8706190526779628,3
1574,1574,43.74432040816326,-79.38375714285715,1.0907139433426474,3
1575,1575,43.74432040816326,-79.37394285714285,1.1346288786592518,3
1576,1576,43.74432040816326,-79.36412857142857,2.0292503540991484,1
1577,1577,43.74432040816326,-79.35431428571428,4.515586095487503,1
1578,1578,43.74432040816326,-79.3445,5.100379443108016,1
1579,1579,43.74432040816326,-79.33468571428571,2.1035768010650027,1
1580,1580,43.74432040816326,-79.32487142857143,2.21007006206072,1
1581,1581,43.74432040816326,-79.31505714285714,4.339660402243688,1
1582,1582,43.74432040816326,-79.30524285714286,9.126006618642618,2
1583,1583,43.74432040816326,-79.29542857142857,9.172277516027677,2
1584,1584,43.74432040816326,-79.28561428571429,5.937590138728728,2
1585,1585,43.74432040816326,-79.2758,4.270658215888767,2
1586,1586,43.74432040816326,-79.26598571428572,3.423946471907103,2
1587,1587,43.74432040816326,-79.25617142857143,4.099467232137991,2
1588,1588,43.74432040816326,-79.24635714285715,3.4166674351777324,2
1589,1589,43.74432040816326,-79.23654285714287,2.508095867436488,2
1590,1590,43.74432040816326,-79.22672857142858,3.0579923037944945,2
1591,1591,43.74432040816326,-79.21691428571428,4.137384002720384,2
1592,1592,43.74432040816326,-79.2071,1.9509136159254057,2
1593,1593,43.74432040816326,-79.19728571428571,1.0272573689538091,2
1601,1601,43.7492081632653,-79.60948571428571,2.406976076395307,0
1602,1602,43.7492081632653,-79.59967142857143,3.331842209007291,0
1603,1603,43.7492081632653,-79.58985714285714,3.933199130963249,0
1604,1604,43.7492081632653,-79.58004285714286,4.176346541326724,0
1605,1605,43.7492081632653,-79.57022857142857,3.211107091417688,0
1606,1606,43.7492081632653,-79.56041428571429,4.79533266339734,0
1607,1607,43.7492081632653,-79.5506,8.640236806890966,0
1608,1608,43.7492081632653,-79.54078571428572,7.7081744524637905,0
1609,1609,43.7492081632653,-79.53097142857142,3.5531166824643283,0
1610,1610,43.7492081632653,-79.52115714285713,3.685118935429764,0
1611,1611,43.7492081632653,-79.51134285714285,3.636355285123377,0
1612,1612,43.7492081632653,-79.50152857142857,1.964336542384505,0
1613,1613,43.7492081632653,-79.49171428571428,3.757375298949418,0
1614,1614,43.7492081632653,-79.4819,3.3481526231727377,3
1615,1615,43.7492081632653,-79.47208571428571,1.3002088496151512,3
1616,1616,43.7492081632653,-79.46227142857143,1.9857313156284864,3
1617,1617,43.7492081632653,-79.45245714285714,3.549714052374076,3
1618,1618,43.7492081632653,-79.44264285714286,3.746605806021997,3
1619,1619,43.7492081632653,-79.43282857142857,2.4388186661657976,3
1620,1620,43.7492081632653,-79.42301428571429,1.728038080775738,3
1621,1621,43.7492081632653,-79.4132,3.2718705340368364,3
1622,1622,43.7492081632653,-79.40338571428572,2.455897338435364,3
1623,1623,43.7492081632653,-79.39357142857143,0.7989685277092984,3
1624,1624,43.7492081632653,-79.38375714285715,0.8253353095020742,3
1625,1625,43.7492081632653,-79.37394285714285,1.08974631070664,3
1626,1626,43.7492081632653,-79.36412857142857,4.340023289438125,3
1627,1627,43.7492081632653,-79.35431428571428,9.397327539890966,1
1628,1628,43.7492081632653,-79.3445,7.11699863558061,1
1629,1629,43.7492081632653,-79.33468571428571,1.9076308643526123,1
1630,1630,43.7492081632653,-79.32487142857143,2.2264279040175983,1
1631,1631,43.7492081632653,-79.31505714285714,4.413904521094971,2
1632,1632,43.7492081632653,-79.30524285714286,6.811093779678435,2
1633,1633,43.7492081632653,-79.29542857142857,6.884903777503324,2
1634,1634,43.7492081632653,-79.28561428571429,6.496085961947105,2
1635,1635,43.7492081632653,-79.2758,6.450854780659346,2
1636,1636,43.7492081632653,-79.26598571428572,3.662608112898005,2
1637,1637,43.7492081632653,-79.25617142857143,3.4384110440482902,2
1638,1638,43.7492081632653,-79.24635714285715,2.9268298499258645,2
1639,1639,43.7492081632653,-79.23654285714287,2.7695462160203257,2
1640,1640,43.7492081632653,-79.22672857142858,2.985216778227158,2
1641,1641,43.7492081632653,-79.21691428571428,3.012229341113628,2
1642,1642,43.7492081632653,-79.2071,1.715136943380598,2
1643,1643,43.7492081632653,-79.19728571428571,1.2690749302186466,2
1651,1651,43.75409591836734,-79.60948571428571,1.3319261922736298,0
1652,1652,43.75409591836734,-79.59967142857143,2.5160079750707203,0
1653,1653,43.75409591836734,-79.58985714285714,3.35863095219739,0
1654,1654,43.75409591836734,-79.58004285714286,3.967234134399337,0
1655,1655,43.75409591836734,-79.57022857142857,3.797230483386382,0
1656,1656,43.75409591836734,-79.56041428571429,3.8471101466919344,0
1657,1657,43.75409591836734,-79.5506,6.850656378138682,0
1658,1658,43.75409591836734,-79.54078571428572,6.930286134294498,0
1659,1659,43.75409591836734,-79.53097142857142,4.466288771005339,0
1660,1660,43.75409591836734,-79.52115714285713,5.517138284883567,0
1661,1661,43.75409591836734,-79.51134285714285,3.889449757554339,0
1662,1662,43.75409591836734,-79.50152857142857,1.9090665352540648,0
1663,1663,43.75409591836734,-79.49171428571428,3.9299456521701743,0
1664,1664,43.75409591836734,-79.4819,3.662739648964848,3
1665,1665,43.75409591836734,-79.47208571428571,2.396356359240983,3
1666,1666,43.75409591836734,-79.46227142857143,2.838312577356521,3
1667,1667,43.75409591836734,-79.45245714285714,4.247606056401575,3
1668,1668,43.75409591836734,-79.44264285714286,4.817915456690122,3
1669,1669,43.75409591836734,-79.43282857142857,2.696280816967085,3
1670,1670,43.75409591836734,-79.42301428571429,2.2790699451971568,3
1671,1671,43.75409591836734,-79.4132,6.825086607956802,3
1672,1672,43.75409591836734,-79.40338571428572,5.030223587644667,3
1673,1673,43.75409591836734,-79.39357142857143,1.2163288000393797,3
1674,1674,43.75409591836734,-79.38375714285715,0.5164188228923791,3
1675,1675,43.75409591836734,-79.37394285714285,1.01779589899704,3
1676,1676,43.75409591836734,-79.36412857142857,6.184785168557235,3
1677,1677,43.75409591836734,-79.35431428571428,13.262893539133168,1
1678,1678,43.75409591836734,-79.3445,8.68988574517855,1
1679,1679,43.75409591836734,-79.33468571428571,1.7834616850697906,1
1680,1680,43.75409591836734,-79.32487142857143,2.3293940597131835,1
1681,1681,43.75409591836734,-79.31505714285714,5.302456030236907,2
1682,1682,43.75409591836734,-79.30524285714286,5.013776767064647,2
1683,1683,43.75409591836734,-79.29542857142857,3.1331124138896627,2
1684,1684,43.75409591836734,-79.28561428571429,4.4472215657320255,2
1685,1685,43.75409591836734,-79.2758,6.098349035449189,2
1686,1686,43.75409591836734,-79.26598571428572,3.4847493703635952,2
1687,1687,43.75409591836734,-79.25617142857143,3.494212186617172,2
1688,1688,43.75409591836734,-79.24635714285715,3.853937827685711,2
1689,1689,43.75409591836734,-79.23654285714287,4.65259146857203,2
1690,1690,43.75409591836734,-79.22672857142858,4.270632665297322,2
1691,1691,43.75409591836734,-79.21691428571428,2.506585387918134,2
1692,1692,43.75409591836734,-79.2071,1.10939008717091,2
1693,1693,43.75409591836734,-79.19728571428571,0.8104468061677155,2
1701,1701,43.75898367346939,-79.60948571428571,0.5128845677162871,0
1702,1702,43.75898367346939,-79.59967142857143,1.2856917249236908,0
1703,1703,43.75898367346939,-79.58985714285714,1.9834207347150017,0
1704,1704,43.75898367346939,-79.58004285714286,3.150251132166876,0
1705,1705,43.75898367346939,-79.57022857142857,4.1967444732803125,0
1706,1706,43.75898367346939,-79.56041428571429,2.421648030145855,0
1707,1707,43.75898367346939,-79.5506,2.668597650575772,0
1708,1708,43.75898367346939,-79.54078571428572,3.2567187955725614,0
1709,1709,43.75898367346939,-79.53097142857142,3.576367170747658,0
1710,1710,43.75898367346939,-79.52115714285713,5.495676935830749,0
1711,1711,43.75898367346939,-79.51134285714285,3.5860317815271663,0
1712,1712,43.75898367346939,-79.50152857142857,2.465545761398924,0
1713,1713,43.75898367346939,-79.49171428571428,4.789867529696714,0
1714,1714,43.75898367346939,-79.4819,4.216002305223816,3
1715,1715,43.75898367346939,-79.47208571428571,3.6906297740991727,3
1716,1716,43.75898367346939,-79.46227142857143,2.979103339983959,3
1717,1717,43.75898367346939,-79.45245714285714,2.8867929736402904,3
1718,1718,43.75898367346939,-79.44264285714286,4.164199633003245,3
1719,1719,43.75898367346939,-79.43282857142857,2.6385700536203096,3
1720,1720,43.75898367346939,-79.42301428571429,4.398724424399516,3
1721,1721,43.75898367346939,-79.4132,14.11062722694863,3
1722,1722,43.75898367346939,-79.40338571428572,10.504260100843297,3
1723,1723,43.75898367346939,-79.39357142857143,2.995429844755503,3
1724,1724,43.75898367346939,-79.38375714285715,1.0299569073637878,3
1725,1725,43.75898367346939,-79.37394285714285,1.004625236845638,3
1726,1726,43.75898367346939,-79.36412857142857,4.548755153683434,3
1727,1727,43.75898367346939,-79.35431428571428,9.352670986840833,1
1728,1728,43.75898367346939,-79.3445,6.06381081296546,1
1729,1729,43.75898367346939,-79.33468571428571,1.7410227969805212,1
1730,1730,43.75898367346939,-79.32487142857143,2.5254324459203343,2
1731,1731,43.75898367346939,-79.31505714285714,5.600956775089466,2
1732,1732,43.75898367346939,-79.30524285714286,4.772827784969838,2
1733,1733,43.75898367346939,-79.29542857142857,1.856329926612668,2
1734,1734,43.75898367346939,-79.28561428571429,3.3096530676253004,2
1735,1735,43.75898367346939,-79.2758,4.685029915877974,2
1736,1736,43.75898367346939,-79.26598571428572,2.627564119456373,2
1737,1737,43.75898367346939,-79.25617142857143,2.3777251476622805,2
1738,1738,43.75898367346939,-79.24635714285715,3.3480400453919708,2
1739,1739,43.75898367346939,-79.23654285714287,5.607826263968645,2
1740,1740,43.75898367346939,-79.22672857142858,5.946670490258445,2
1741,1741,43.75898367346939,-79.21691428571428,2.838956448890244,2
1742,1742,43.75898367346939,-79.2071,0.6947286874323103,2
1743,1743,43.75898367346939,-79.19728571428571,0.5688949508984974,2
1744,1744,43.75898367346939,-79.18747142857143,0.8361457767204216,2
1753,1753,43.76387142857143,-79.58985714285714,0.683703034747686,0
1754,1754,43.76387142857143,-79.58004285714286,1.5938615620019023,0
1755,1755,43.76387142857143,-79.57022857142857,2.6022900990972118,0
1756,1756,43.76387142857143,-79.56041428571429,1.1254470588436092,0
1757,1757,43.76387142857143,-79.5506,0.5326979136516591,0
1758,1758,43.76387142857143,-79.54078571428572,0.9009400290375004,0
1759,1759,43.76387142857143,-79.53097142857142,2.1402691655028803,0
1760,1760,43.76387142857143,-79.52115714285713,3.662766625356922,0
1761,1761,43.76387142857143,-79.51134285714285,2.534508700637061,0
1762,1762,43.76387142857143,-79.50152857142857,3.00044068042597,0
1763,1763,43.76387142857143,-79.49171428571428,5.573555500202175,3
1764,1764,43.76387142857143,-79.4819,4.794886529492855,3
1765,1765,43.76387142857143,-79.47208571428571,5.274955465434293,3
1766,1766,43.76387142857143,-79.46227142857143,3.242232898004097,3
1767,1767,43.76387142857143,-79.45245714285714,1.5112010487733691,3
1768,1768,43.76387142857143,-79.44264285714286,2.535571120199242,3
1769,1769,43.76387142857143,-79.43282857142857,1.936267355120839,3
1770,1770,43.76387142857143,-79.42301428571429,7.3028912794293985,3
1771,1771,43.76387142857143,-79.4132,20.995055575056817,3
1772,1772,43.76387142857143,-79.40338571428572,14.406393218553374,3
1773,1773,43.76387142857143,-79.39357142857143,5.115202237448586,3
1774,1774,43.76387142857143,-79.38375714285715,2.777865781942755,3
1775,1775,43.76387142857143,-79.37394285714285,1.6928867709111413,3
1776,1776,43.76387142857143,-79.36412857142857,2.1015328244265112,3
1777,1777,43.76387142857143,-79.35431428571428,3.368658312110441,3
1778,1778,43.76387142857143,-79.3445,3.0153440718545386,1
1779,1779,43.76387142857143,-79.33468571428571,3.51911025630204,2
1780,1780,43.76387142857143,-79.32487142857143,3.727321063092016,2
1781,1781,43.76387142857143,-79.31505714285714,4.038030165450678,2
1782,1782,43.76387142857143,-79.30524285714286,3.442634179944725,2
1783,1783,43.76387142857143,-79.29542857142857,1.8965380723474885,2
1784,1784,43.76387142857143,-79.28561428571429,4.53530195137451,2
1785,1785,43.76387142857143,-79.2758,5.493065220295971,2
1786,1786,43.76387142857143,-79.26598571428572,3.269679095003526,2
1787,1787,43.76387142857143,-79.25617142857143,2.329543408730556,2
1788,1788,43.76387142857143,-79.24635714285715,2.3752878827369197,2
1789,1789,43.76387142857143,-79.23654285714287,4.443320795193613,2
1790,1790,43.76387142857143,-79.22672857142858,5.565187824799813,2
1791,1791,43.76387142857143,-79.21691428571428,2.521323001022193,2
1793,1793,43.76387142857143,-79.19728571428571,1.1489845827740648,2
1794,1794,43.76387142857143,-79.18747142857143,2.717265165484304,2
1795,1795,43.76387142857143,-79.17765714285714,1.4078847768690457,2
1805,1805,43.76875918367347,-79.57022857142857,0.7781149482048576,0
1809,1809,43.76875918367347,-79.53097142857142,1.617211905909823,0
1810,1810,43.76875918367347,-79.52115714285713,2.342464494708775,0
1811,1811,43.76875918367347,-79.51134285714285,2.1269186653063814,0
1812,1812,43.76875918367347,-79.50152857142857,3.651349888930948,0
1813,1813,43.76875918367347,-79.49171428571428,5.165553604232851,3
1814,1814,43.76875918367347,-79.4819,4.365478127337423,3
1815,1815,43.76875918367347,-79.47208571428571,5.842603363618272,3
1816,1816,43.76875918367347,-79.46227142857143,3.277826891035017,3
1817,1817,43.76875918367347,-79.45245714285714,0.9100885783333944,3
1818,1818,43.76875918367347,-79.44264285714286,1.4571887288079517,3
1819,1819,43.76875918367347,-79.43282857142857,1.9602722777281505,3
1820,1820,43.76875918367347,-79.42301428571429,12.899739637019003,3
1821,1821,43.76875918367347,-79.4132,28.98825097250978,3
1822,1822,43.76875918367347,-79.40338571428572,14.736526674025209,3
1823,1823,43.76875918367347,-79.39357142857143,4.998907380477754,3
1824,1824,43.76875918367347,-79.38375714285715,3.903152022613131,3
1825,1825,43.76875918367347,-79.37394285714285,2.706630414274563,3
1826,1826,43.76875918367347,-79.36412857142857,1.620206497261406,3
1827,1827,43.76875918367347,-79.35431428571428,1.6152897230177554,3
1828,1828,43.76875918367347,-79.3445,3.593006581382386,1
1829,1829,43.76875918367347,-79.33468571428571,7.502234740452509,2
1830,1830,43.76875918367347,-79.32487142857143,6.845550544110087,2
1831,1831,43.76875918367347,-79.31505714285714,3.3719942374493264,2
1832,1832,43.76875918367347,-79.30524285714286,2.2526505329669284,2
1833,1833,43.76875918367347,-79.29542857142857,2.065959696159143,2
1834,1834,43.76875918367347,-79.28561428571429,5.235317095430406,2
1835,1835,43.76875918367347,-79.2758,6.123437193881252,2
1836,1836,43.76875918367347,-79.26598571428572,4.539994199190288,2
1837,1837,43.76875918367347,-79.25617142857143,4.289447460579145,2
1838,1838,43.76875918367347,-79.24635714285715,2.814394321239967,2
1839,1839,43.76875918367347,-79.23654285714287,3.4205888088763463,2
1840,1840,43.76875918367347,-79.22672857142858,3.955269611608685,2
1841,1841,43.76875918367347,-79.21691428571428,1.5207670841912466,2
1843,1843,43.76875918367347,-79.19728571428571,1.7461821249119007,2
1844,1844,43.76875918367347,-79.18747142857143,4.614876564259914,2
1845,1845,43.76875918367347,-79.17765714285714,2.654378262925968,2
1846,1846,43.76875918367347,-79.16784285714286,0.8674943723556884,2
1859,1859,43.77364693877551,-79.53097142857142,1.227369299805091,0
1860,1860,43.77364693877551,-79.52115714285713,1.3971369396212658,0
1861,1861,43.77364693877551,-79.51134285714285,1.9438971131680225,0
1862,1862,43.77364693877551,-79.50152857142857,4.102740697113551,0
1863,1863,43.77364693877551,-79.49171428571428,4.786271416605313,3
1864,1864,43.77364693877551,-79.4819,3.347149255315661,3
1865,1865,43.77364693877551,-79.47208571428571,4.319583256784901,3
1866,1866,43.77364693877551,-79.46227142857143,2.3717081723084203,3
1867,1867,43.77364693877551,-79.45245714285714,0.625953640762918,3
1868,1868,43.77364693877551,-79.44264285714286,1.0744770167893891,3
1869,1869,43.77364693877551,-79.43282857142857,2.90483529591007,3
1870,1870,43.77364693877551,-79.42301428571429,21.107884511385297,3
1871,1871,43.77364693877551,-79.4132,40.069784079764695,3
1872,1872,43.77364693877551,-79.40338571428572,15.081421527374632,3
1873,1873,43.77364693877551,-79.39357142857143,3.0047583241484004,3
1874,1874,43.77364693877551,-79.38375714285715,2.6392461605310045,3
1875,1875,43.77364693877551,-79.37394285714285,2.468645684422115,3
1876,1876,43.77364693877551,-79.36412857142857,2.094342984727512,3
1877,1877,43.77364693877551,-79.35431428571428,2.4086419805319608,3
1878,1878,43.77364693877551,-79.3445,5.34042482452493,2
1879,1879,43.77364693877551,-79.33468571428571,8.992671329469447,2
1880,1880,43.77364693877551,-79.32487142857143,8.592621964235997,2
1881,1881,43.77364693877551,-79.31505714285714,4.284976890402061,2
1882,1882,43.77364693877551,-79.30524285714286,2.9202666062150437,2
1883,1883,43.77364693877551,-79.29542857142857,2.700627490915637,2
1884,1884,43.77364693877551,-79.28561428571429,4.066766859686286,2
1885,1885,43.77364693877551,-79.2758,4.487530856667676,2
1886,1886,43.77364693877551,-79.26598571428572,4.253741832845356,2
1887,1887,43.77364693877551,-79.25617142857143,5.701336470246116,2
1888,1888,43.77364693877551,-79.24635714285715,3.629153385162203,2
1889,1889,43.77364693877551,-79.23654285714287,3.603820993648059,2
1890,1890,43.77364693877551,-79.22672857142858,3.256599938121865,2
1891,1891,43.77364693877551,-79.21691428571428,0.9608903313996616,2
1893,1893,43.77364693877551,-79.19728571428571,1.501583943634828,2
1894,1894,43.77364693877551,-79.18747142857143,4.184727993362095,2
1895,1895,43.77364693877551,-79.17765714285714,2.665015435773955,2
1896,1896,43.77364693877551,-79.16784285714286,0.9631863208752778,2
1898,1898,43.77364693877551,-79.14821428571429,0.5470113153734977,2
1899,1899,43.77364693877551,-79.1384,0.7658255469981203,2
1909,1909,43.778534693877546,-79.53097142857142,0.5513534541517626,0
1910,1910,43.778534693877546,-79.52115714285713,0.5269584238653033,0
1911,1911,43.778534693877546,-79.51134285714285,1.1334371163466976,0
1912,1912,43.778534693877546,-79.50152857142857,3.244660410016589,0
1913,1913,43.778534693877546,-79.49171428571428,4.82980599235097,3
1914,1914,43.778534693877546,-79.4819,3.5555690067844545,3
1915,1915,43.778534693877546,-79.47208571428571,3.963733328800138,3
1916,1916,43.778534693877546,-79.46227142857143,2.073823226393709,3
1917,1917,43.778534693877546,-79.45245714285714,0.5061796668064339,3
1918,1918,43.778534693877546,-79.44264285714286,0.8149874186027872,3
1919,1919,43.778534693877546,-79.43282857142857,3.1978754080902085,3
1920,1920,43.778534693877546,-79.42301428571429,22.531848861777743,3
1921,1921,43.778534693877546,-79.4132,38.89635175924751,3
1922,1922,43.778534693877546,-79.40338571428572,12.768095503935838,3
1923,1923,43.778534693877546,-79.39357142857143,1.518751299254177,3
1924,1924,43.778534693877546,-79.38375714285715,1.2283609383798264,3
1925,1925,43.778534693877546,-79.37394285714285,1.8371977248193851,3
1926,1926,43.778534693877546,-79.36412857142857,2.7004294206487027,3
1927,1927,43.778534693877546,-79.35431428571428,2.933802556720046,3
1928,1928,43.778534693877546,-79.3445,4.942711854500572,2
1929,1929,43.778534693877546,-79.33468571428571,6.40621565812929,2
1930,1930,43.778534693877546,-79.32487142857143,6.464308050011673,2
1931,1931,43.778534693877546,-79.31505714285714,4.131056967057568,2
1932,1932,43.778534693877546,-79.30524285714286,4.475609211326264,2
1933,1933,43.778534693877546,-79.29542857142857,4.103434911306528,2
1934,1934,43.778534693877546,-79.28561428571429,3.2869885739587827,2
1935,1935,43.778534693877546,-79.2758,3.8505890987057,2
1936,1936,43.778534693877546,-79.26598571428572,4.091324517807386,2
1937,1937,43.778534693877546,-79.25617142857143,5.327744174068873,2
1938,1938,43.778534693877546,-79.24635714285715,3.75644158153898,2
1939,1939,43.778534693877546,-79.23654285714287,4.502211335897442,2
1940,1940,43.778534693877546,-79.22672857142858,3.9404923376962846,2
1941,1941,43.778534693877546,-79.21691428571428,1.2171628702487998,2
1942,1942,43.778534693877546,-79.2071,0.6435888654408511,2
1943,1943,43.778534693877546,-79.19728571428571,1.36883638201658,2
1944,1944,43.778534693877546,-79.18747142857143,2.958106840234512,2
1945,1945,43.778534693877546,-79.17765714285714,1.94758154240715,2
1946,1946,43.778534693877546,-79.16784285714286,0.8434568205986628,2
1947,1947,43.778534693877546,-79.15802857142857,0.5658780926002825,2
1948,1948,43.778534693877546,-79.14821428571429,1.2385925428905031,2
1949,1949,43.778534693877546,-79.1384,1.6212834694527194,2
1962,1962,43.78342244897959,-79.50152857142857,1.812476942958326,0
1963,1963,43.78342244897959,-79.49171428571428,4.033802163156308,3
1964,1964,43.78342244897959,-79.4819,4.157724935168044,3
1965,1965,43.78342244897959,-79.47208571428571,5.319131460408034,3
1966,1966,43.78342244897959,-79.46227142857143,2.7938329305472864,3
1967,1967,43.78342244897959,-79.45245714285714,0.7769162346706798,3
1968,1968,43.78342244897959,-79.44264285714286,0.8828431033682084,3
1969,1969,43.78342244897959,-79.43282857142857,2.5830894020457755,3
1970,1970,43.78342244897959,-79.42301428571429,15.394380696055435,3
1971,1971,43.78342244897959,-79.4132,23.12272835699549,3
1972,1972,43.78342244897959,-79.40338571428572,6.894784466082304,3
1973,1973,43.78342244897959,-79.39357142857143,1.1995889270031928,3
1974,1974,43.78342244897959,-79.38375714285715,1.5029372401105008,3
1975,1975,43.78342244897959,-79.37394285714285,2.834576336494845,3
1976,1976,43.78342244897959,-79.36412857142857,4.407913656563345,3
1977,1977,43.78342244897959,-79.35431428571428,3.332057847041428,3
1978,1978,43.78342244897959,-79.3445,3.2877556295519805,2
1979,1979,43.78342244897959,-79.33468571428571,3.959394210964307,2
1980,1980,43.78342244897959,-79.32487142857143,3.8835778783836825,2
1981,1981,43.78342244897959,-79.31505714285714,2.865131764838467,2
1982,1982,43.78342244897959,-79.30524285714286,5.228208613413257,2
1983,1983,43.78342244897959,-79.29542857142857,4.850055389407449,2
1984,1984,43.78342244897959,-79.28561428571429,3.4647018926810924,2
1985,1985,43.78342244897959,-79.2758,5.821958883046932,2
1986,1986,43.78342244897959,-79.26598571428572,6.387574261033945,2
1987,1987,43.78342244897959,-79.25617142857143,5.221629183864638,2
1988,1988,43.78342244897959,-79.24635714285715,4.0152484753771285,2
1989,1989,43.78342244897959,-79.23654285714287,5.341950085020899,2
1990,1990,43.78342244897959,-79.22672857142858,4.644005036843157,2
1991,1991,43.78342244897959,-79.21691428571428,1.7411312518471318,2
1992,1992,43.78342244897959,-79.2071,1.3168137894600556,2
1993,1993,43.78342244897959,-79.19728571428571,2.144949880293196,2
1994,1994,43.78342244897959,-79.18747142857143,2.951434086808108,2
1995,1995,43.78342244897959,-79.17765714285714,1.7635562901730764,2
1996,1996,43.78342244897959,-79.16784285714286,0.9102148309293886,2
1997,1997,43.78342244897959,-79.15802857142857,0.6815769127672208,2
1998,1998,43.78342244897959,-79.14821428571429,1.6353356863026025,2
1999,1999,43.78342244897959,-79.1384,2.0140015190898097,2
2012,2012,43.78831020408163,-79.50152857142857,0.6908166785174419,0
2013,2013,43.78831020408163,-79.49171428571428,2.0000844561287074,3
2014,2014,43.78831020408163,-79.4819,2.9507386238788973,3
2015,2015,43.78831020408163,-79.47208571428571,4.601844751126755,3
2016,2016,43.78831020408163,-79.46227142857143,2.604897372634234,3
2017,2017,43.78831020408163,-79.45245714285714,1.3756492205730697,3
2018,2018,43.78831020408163,-79.44264285714286,1.724171366980796,3
2019,2019,43.78831020408163,-79.43282857142857,2.7819208561297315,3
2020,2020,43.78831020408163,-79.42301428571429,10.743515024960264,3
2021,2021,43.78831020408163,-79.4132,11.858540271744806,3
2022,2022,43.78831020408163,-79.40338571428572,3.035572308230777,3
2023,2023,43.78831020408163,-79.39357142857143,1.2493485887012417,3
2024,2024,43.78831020408163,-79.38375714285715,2.12679990492959,3
2025,2025,43.78831020408163,-79.37394285714285,4.978345073512899,3
2026,2026,43.78831020408163,-79.36412857142857,7.58643359356455,3
2027,2027,43.78831020408163,-79.35431428571428,5.285124847284692,3
2028,2028,43.78831020408163,-79.3445,2.987969722122429,2
2029,2029,43.78831020408163,-79.33468571428571,2.910563133762704,2
2030,2030,43.78831020408163,-79.32487142857143,2.720462794253409,2
2031,2031,43.78831020408163,-79.31505714285714,2.2501319327323106,2
2032,2032,43.78831020408163,-79.30524285714286,5.075116002259203,2
2033,2033,43.78831020408163,-79.29542857142857,4.235837576939366,2
2034,2034,43.78831020408163,-79.28561428571429,2.9281071165638446,2
2035,2035,43.78831020408163,-79.2758,6.41020258248714,2
2036,2036,43.78831020408163,-79.26598571428572,7.8247615309988765,2
2037,2037,43.78831020408163,-79.25617142857143,5.079632131374577,2
2038,2038,43.78831020408163,-79.24635714285715,4.52418563636476,2
2039,2039,43.78831020408163,-79.23654285714287,6.147408905611898,2
2040,2040,43.78831020408163,-79.22672857142858,4.609860762691818,2
2041,2041,43.78831020408163,-79.21691428571428,1.8534529854625983,2
2042,2042,43.78831020408163,-79.2071,1.6933170560048176,2
2043,2043,43.78831020408163,-79.19728571428571,2.8435452665784537,2
2044,2044,43.78831020408163,-79.18747142857143,2.834957898282269,2
2045,2045,43.78831020408163,-79.17765714285714,1.5979446145606264,2
2046,2046,43.78831020408163,-79.16784285714286,0.8834352987087493,2
2047,2047,43.78831020408163,-79.15802857142857,0.8181141406904348,2
2048,2048,43.78831020408163,-79.14821428571429,1.895690883994728,2
2049,2049,43.78831020408163,-79.1384,2.165155411550226,2
2064,2064,43.79319795918367,-79.4819,1.0519557866367144,3
2065,2065,43.79319795918367,-79.47208571428571,1.9441887393885209,3
2066,2066,43.79319795918367,-79.46227142857143,1.2571851421961109,3
2067,2067,43.79319795918367,-79.45245714285714,1.4147247203643554,3
2068,2068,43.79319795918367,-79.44264285714286,2.049517865313734,3
2069,2069,43.79319795918367,-79.43282857142857,3.192288103004311,3
2070,2070,43.79319795918367,-79.42301428571429,9.7507118302101,3
2071,2071,43.79319795918367,-79.4132,8.341111992184876,3
2072,2072,43.79319795918367,-79.40338571428572,2.24593813319376,3
2073,2073,43.79319795918367,-79.39357142857143,1.2787781784569794,3
2074,2074,43.79319795918367,-79.38375714285715,1.7358580390139096,3
2075,2075,43.79319795918367,-79.37394285714285,5.08975753184757,3
2076,2076,43.79319795918367,-79.36412857142857,8.202512858416444,3
2077,2077,43.79319795918367,-79.35431428571428,6.805196621690728,3
2078,2078,43.79319795918367,-79.3445,3.6500371537165455,2
2079,2079,43.79319795918367,-79.33468571428571,2.408742401120057,2
2080,2080,43.79319795918367,-79.32487142857143,2.4502109186516594,2
2081,2081,43.79319795918367,-79.31505714285714,2.5265594754762555,2
2082,2082,43.79319795918367,-79.30524285714286,4.043014236312975,2
2083,2083,43.79319795918367,-79.29542857142857,3.690418847475706,2
2084,2084,43.79319795918367,-79.28561428571429,2.872679603673142,2
2085,2085,43.79319795918367,-79.2758,4.0543113707519,2
2086,2086,43.79319795918367,-79.26598571428572,5.116469911708286,2
2087,2087,43.79319795918367,-79.25617142857143,3.4187812135519637,2
2088,2088,43.79319795918367,-79.24635714285715,4.174523858042177,2
2089,2089,43.79319795918367,-79.23654285714287,6.294327756735762,2
2090,2090,43.79319795918367,-79.22672857142858,4.267201829330818,2
2091,2091,43.79319795918367,-79.21691428571428,1.6123295390401682,2
2092,2092,43.79319795918367,-79.2071,1.6994440537032378,2
2093,2093,43.79319795918367,-79.19728571428571,2.707999067881039,2
2094,2094,43.79319795918367,-79.18747142857143,2.0003750817658745,2
2095,2095,43.79319795918367,-79.17765714285714,1.2524625062179502,2
2096,2096,43.79319795918367,-79.16784285714286,0.8625686503049345,2
2097,2097,43.79319795918367,-79.15802857142857,1.4263682564982323,2
2098,2098,43.79319795918367,-79.14821428571429,2.7512028446425445,2
2099,2099,43.79319795918367,-79.1384,2.441281254198051,2
2117,2117,43.79808571428571,-79.45245714285714,0.7026441574714495,3
2118,2118,43.79808571428571,-79.44264285714286,1.124607072815402,3
2119,2119,43.79808571428571,-79.43282857142857,2.2454568144478237,3
2120,2120,43.79808571428571,-79.42301428571429,6.867643085105184,3
2121,2121,43.79808571428571,-79.4132,5.571902974150226,3
2122,2122,43.79808571428571,-79.40338571428572,2.301605570584338,3
2123,2123,43.79808571428571,-79.39357142857143,1.4947087092246054,3
2124,2124,43.79808571428571,-79.38375714285715,1.1908380483058931,3
2125,2125,43.79808571428571,-79.37394285714285,3.1032265923437263,3
2126,2126,43.79808571428571,-79.36412857142857,4.940108419039598,3
2127,2127,43.79808571428571,-79.35431428571428,4.890787564075452,3
2128,2128,43.79808571428571,-79.3445,3.2937725279450216,2
2129,2129,43.79808571428571,-79.33468571428571,2.5016764016680453,2
2130,2130,43.79808571428571,-79.32487142857143,2.8761262344269696,2
2131,2131,43.79808571428571,-79.31505714285714,3.020296995925515,2
2132,2132,43.79808571428571,-79.30524285714286,3.3295422473805907,2
2133,2133,43.79808571428571,-79.29542857142857,6.410622290032287,2
2134,2134,43.79808571428571,-79.28561428571429,7.482945605094674,2
2135,2135,43.79808571428571,-79.2758,3.508593311487025,2
2136,2136,43.79808571428571,-79.26598571428572,2.6028189144336413,2
2137,2137,43.79808571428571,-79.25617142857143,1.6307203277354192,2
2138,2138,43.79808571428571,-79.24635714285715,2.485255192065725,2
2139,2139,43.79808571428571,-79.23654285714287,4.299283452115422,2
2140,2140,43.79808571428571,-79.22672857142858,3.1844596447987827,2
2141,2141,43.79808571428571,-79.21691428571428,1.5142257738262823,2
2142,2142,43.79808571428571,-79.2071,1.798152494936719,2
2143,2143,43.79808571428571,-79.19728571428571,2.2322939998812643,2
2144,2144,43.79808571428571,-79.18747142857143,1.2471645647276788,2
2145,2145,43.79808571428571,-79.17765714285714,0.9939307690657462,2
2146,2146,43.79808571428571,-79.16784285714286,0.9035256796798647,2
2147,2147,43.79808571428571,-79.15802857142857,1.852824482503709,2
2148,2148,43.79808571428571,-79.14821428571429,3.162944769725434,2
2149,2149,43.79808571428571,-79.1384,2.37187192519555,2
2169,2169,43.80297346938775,-79.43282857142857,0.8225725380902739,3
2170,2170,43.80297346938775,-79.42301428571429,2.698452113956484,3
2171,2171,43.80297346938775,-79.4132,2.3625532045901494,3
2172,2172,43.80297346938775,-79.40338571428572,1.6527609418815092,3
2173,2173,43.80297346938775,-79.39357142857143,1.2995297355893969,3
2174,2174,43.80297346938775,-79.38375714285715,1.0295096894283364,3
2175,2175,43.80297346938775,-79.37394285714285,1.4452477159988055,3
2176,2176,43.80297346938775,-79.36412857142857,1.8023750122488729,3
2177,2177,43.80297346938775,-79.35431428571428,1.898297746627163,3
2178,2178,43.80297346938775,-79.3445,2.215007147596732,2
2179,2179,43.80297346938775,-79.33468571428571,2.6648493988214845,2
2180,2180,43.80297346938775,-79.32487142857143,3.1365692076940173,2
2181,2181,43.80297346938775,-79.31505714285714,3.075182855638107,2
2182,2182,43.80297346938775,-79.30524285714286,3.7593790295811,2
2183,2183,43.80297346938775,-79.29542857142857,11.35000007338538,2
2184,2184,43.80297346938775,-79.28561428571429,14.740919304028766,2
2185,2185,43.80297346938775,-79.2758,6.336856525795632,2
2186,2186,43.80297346938775,-79.26598571428572,3.5790387144680182,2
2187,2187,43.80297346938775,-79.25617142857143,1.2093732380324065,2
2188,2188,43.80297346938775,-79.24635714285715,0.9962809047589816,2
2189,2189,43.80297346938775,-79.23654285714287,1.7529250654077422,2
2190,2190,43.80297346938775,-79.22672857142858,1.8081029149375256,2
2191,2191,43.80297346938775,-79.21691428571428,1.9061330170000512,2
2192,2192,43.80297346938775,-79.2071,1.871605752180484,2
2193,2193,43.80297346938775,-79.19728571428571,1.4715682410734765,2
2194,2194,43.80297346938775,-79.18747142857143,0.7013508687051245,2
2195,2195,43.80297346938775,-79.17765714285714,0.7649245420297937,2
2196,2196,43.80297346938775,-79.16784285714286,0.7340547464470529,2
2197,2197,43.80297346938775,-79.15802857142857,1.1862167635916918,2
2198,2198,43.80297346938775,-79.14821428571429,1.9045338358244133,2
2199,2199,43.80297346938775,-79.1384,1.4014881470485925,2
2220,2220,43.80786122448979,-79.42301428571429,0.5256078098518144,3
2221,2221,43.80786122448979,-79.4132,0.5587740466163007,3
2222,2222,43.80786122448979,-79.40338571428572,0.6372883264375796,3
2223,2223,43.80786122448979,-79.39357142857143,0.6471013132428496,3
2224,2224,43.80786122448979,-79.38375714285715,0.7155675110117997,3
2225,2225,43.80786122448979,-79.37394285714285,0.5514917367101306,3
2228,2228,43.80786122448979,-79.3445,1.3180527986308628,2
2229,2229,43.80786122448979,-79.33468571428571,2.6481051616084663,2
2230,2230,43.80786122448979,-79.32487142857143,4.240452610271059,2
2231,2231,43.80786122448979,-79.31505714285714,3.742613951809304,2
2232,2232,43.80786122448979,-79.30524285714286,4.203528386426839,2
2233,2233,43.80786122448979,-79.29542857142857,11.159137166447207,2
2234,2234,43.80786122448979,-79.28561428571429,14.340236345585232,2
2235,2235,43.80786122448979,-79.2758,7.874986507800964,2
2236,2236,43.80786122448979,-79.26598571428572,5.412293236847469,2
2237,2237,43.80786122448979,-79.25617142857143,1.4745158717680262,2
2238,2238,43.80786122448979,-79.24635714285715,0.6918153418462576,2
2239,2239,43.80786122448979,-79.23654285714287,0.8812262921090142,2
2240,2240,43.80786122448979,-79.22672857142858,1.5578955388222144,2
2241,2241,43.80786122448979,-79.21691428571428,2.573425543472473,2
2242,2242,43.80786122448979,-79.2071,1.773227048270165,2
2243,2243,43.80786122448979,-79.19728571428571,0.67403208791159,2
2248,2248,43.80786122448979,-79.14821428571429,0.53059843290476,2
2278,2278,43.81274897959183,-79.3445,0.6088679927136957,2
2279,2279,43.81274897959183,-79.33468571428571,2.616511199235198,2
2280,2280,43.81274897959183,-79.32487142857143,6.189215774201488,2
2281,2281,43.81274897959183,-79.31505714285714,4.795947830685282,2
2282,2282,43.81274897959183,-79.30524285714286,4.208634106076462,2
2283,2283,43.81274897959183,-79.29542857142857,6.917678074965883,2
2284,2284,43.81274897959183,-79.28561428571429,7.474015094635365,2
2285,2285,43.81274897959183,-79.2758,5.512238081393986,2
2286,2286,43.81274897959183,-79.26598571428572,4.415963889052377,2
2287,2287,43.81274897959183,-79.25617142857143,1.17301148834179,2
2288,2288,43.81274897959183,-79.24635714285715,0.6777909192624844,2
2289,2289,43.81274897959183,-79.23654285714287,0.813435265535487,2
2290,2290,43.81274897959183,-79.22672857142858,1.562975704460288,2
2291,2291,43.81274897959183,-79.21691428571428,2.307967378789081,2
2292,2292,43.81274897959183,-79.2071,1.449564837803455,2
2329,2329,43.81763673469388,-79.33468571428571,1.945139940265336,2
2330,2330,43.81763673469388,-79.32487142857143,5.410595409617705,2
2331,2331,43.81763673469388,-79.31505714285714,4.103985804782422,2
2332,2332,43.81763673469388,-79.30524285714286,3.884344050612089,2
2333,2333,43.81763673469388,-79.29542857142857,4.405253523793147,2
2334,2334,43.81763673469388,-79.28561428571429,3.4233394300128523,2
2335,2335,43.81763673469388,-79.2758,2.9747581963275893,2
2336,2336,43.81763673469388,-79.26598571428572,2.220142048775911,2
2337,2337,43.81763673469388,-79.25617142857143,0.5801913667085247,2
2339,2339,43.81763673469388,-79.23654285714287,0.5168960010517987,2
2340,2340,43.81763673469388,-79.22672857142858,0.9133345972305515,2
2341,2341,43.81763673469388,-79.21691428571428,1.2165191403787,2
2342,2342,43.81763673469388,-79.2071,1.0242589192900644,2
2379,2379,43.82252448979592,-79.33468571428571,0.7744925257252793,2
2380,2380,43.82252448979592,-79.32487142857143,2.303833959799783,2
2381,2381,43.82252448979592,-79.31505714285714,2.106918106722782,2
2382,2382,43.82252448979592,-79.30524285714286,3.009351559747236,2
2383,2383,43.82252448979592,-79.29542857142857,3.214453348054187,2
2384,2384,43.82252448979592,-79.28561428571429,2.61578476365793,2
2385,2385,43.82252448979592,-79.2758,2.6347705644236448,2
2386,2386,43.82252448979592,-79.26598571428572,1.5925426427286478,2
2387,2387,43.82252448979592,-79.25617142857143,0.5046392659170726,2
2392,2392,43.82252448979592,-79.2071,0.5309761968586757,2
2431,2431,43.82741224489796,-79.31505714285714,0.686375711630123,2
2432,2432,43.82741224489796,-79.30524285714286,1.528274111193079,2
2433,2433,43.82741224489796,-79.29542857142857,1.825024581286001,2
2434,2434,43.82741224489796,-79.28561428571429,2.11537404349456,2
2435,2435,43.82741224489796,-79.2758,2.7248748232596496,2
2436,2436,43.82741224489796,-79.26598571428572,1.9309762225953175,2
2437,2437,43.82741224489796,-79.25617142857143,0.8161739358139088,2
2438,2438,43.82741224489796,-79.24635714285715,0.7432605839165156,2
2439,2439,43.82741224489796,-79.23654285714287,0.7045934127814792,2
2483,2483,43.8323,-79.29542857142857,0.656919863612819,2
2484,2484,43.8323,-79.28561428571429,1.1249935196963234,2
2485,2485,43.8323,-79.2758,1.9524501204327087,2
2486,2486,43.8323,-79.26598571428572,1.888012111718734,2
2487,2487,43.8323,-79.25617142857143,0.8442736413980448,2
2488,2488,43.8323,-79.24635714285715,0.6711424394762867,2
2489,2489,43.8323,-79.23654285714287,0.6740658997003265,2
