49.2772564,-123.1187370,Ignite Pizzeria
49.2630345,-123.1012040,Sushi Kaido
49.2629465,-123.0967703,Thai Son
49.2621476,-123.1007434,Ignite Pizzeria
49.2567053,-123.1018939,Toshi
49.2558185,-123.1015510,The General Public
49.2549760,-123.1008710,Anh And Chi
49.2555281,-123.1010432,Nikkyu Japanese Restaurant
49.2777282,-123.0971626,Hunnybee Bruncheonette
49.2741793,-123.1328565,GO Canada
49.2769504,-123.1300681,Giardino Restaurant
49.2643413,-123.1760619,Olympia Pizza
49.2642766,-123.1727212,East is East
49.2638501,-123.1448497,Denny's
49.2804472,-123.1187278,The Halal Guys
49.2854893,-123.1172155,Shogun
49.2638490,-123.1421144,Old Beijing Roast Duck
49.2642800,-123.1722925,Banana Leaf
49.2750892,-123.1227580,Cactus Club Cafe
49.2757748,-123.1205160,Earls
49.2765618,-123.1193690,The Keg
49.2781459,-123.1172381,Lupo
49.2742040,-123.1537530,The Boathouse Restaurant
49.2578148,-123.1650598,Trafalgars Bistro
49.2842334,-123.1090320,Water Street Cafe
49.2635812,-123.1272020,Minato Japanese Restaurant
49.2632872,-123.1099830,7-Inch Waffle House
49.2635510,-123.1254837,Chef's Choice Chinese Cuisine
49.2634241,-123.1173120,Cactus Club Cafe
49.2636456,-123.1316944,Royal Seoul House
49.2633439,-123.1130715,Menya Raizo
49.2370452,-123.0656861,Sandy La Chinese Restaurant
49.2412795,-123.1016960,Au Petit Café
49.2250370,-123.0659194,Nishiki Sushi Bar
49.2613904,-123.1532615,Indishspensable
49.2621248,-123.1532374,Coquette
49.2623651,-123.1532375,Trees Organic
49.2629899,-123.1527502,Napoletana
49.2631147,-123.1182125,Sushi Dragon
49.2630798,-123.1160630,Peaceful Restaurant
49.2756510,-123.2017540,The Galley Restaurant and Grill
49.2193318,-123.1493710,Land & Sea Restaurant & Bar
49.2341400,-123.1399405,Grand Honour
49.2638283,-123.1413786,Earls
49.2835819,-123.1040678,Local Public Eatery
49.2631506,-123.1216282,Meat & Bread
49.2797710,-123.1299260,The Basic
49.2397994,-123.0299630,Sushi Taku
49.2650465,-123.0242721,Knight & Day Restaurant
49.2792951,-123.0978928,Jang Mo Jib Korean Restaurant
49.2803757,-123.1185930,Paramount Fine Foods
49.2361234,-123.0649320,Golden Swan Restaurant
49.2383420,-123.0651740,Hủ Tiếu Hồng Phát
49.2338441,-123.0657751,Shima-Ya
49.2579769,-123.1013920,Kaori Izakaya
49.2503562,-123.1007457,Sun Sui Wah Seafood Restaurant
49.2711559,-123.1358083,The Keg
49.2706361,-123.1366509,The Vancouver Fish Company
49.2707436,-123.1363777,Tony's Fish and Oyster Café
49.2719814,-123.1340140,The Sandbar
49.2656103,-123.1219802,Szechuan Chili Restaurant
49.2657441,-123.1223054,Yanaki Sushi
49.2805385,-123.1316982,Samurai Japanese Restaurant
49.2636948,-123.1364258,Shin Ju
49.2393603,-123.0655740,Western Lake
49.2579580,-123.1146160,Shiro Japanese Restaurant
49.2412434,-123.1016941,Long's Noodle House
49.2585083,-123.1148332,The Firewood Café
49.2589022,-123.1152483,Tropika
49.2680378,-123.1569284,Hi Nippon
49.2695590,-123.1399860,Sushi HANABI
49.2632530,-123.1271262,A Taste of Vietnam
49.2341725,-123.1401391,Hikari Cafe
49.2678006,-123.1458856,Mi Casa Mexicana
49.2796947,-123.0977955,Maxims Restaurant
49.2798121,-123.0994906,The Boss Bakery & Restaurant
49.2634179,-123.1396200,Cactus Club Cafe
49.2615783,-123.1380707,Bombay Kitchen
49.2634415,-123.1399643,Liquids + Solids
49.2680441,-123.1573309,Browns Social House
49.2682325,-123.1669800,The Naam
49.2637211,-123.1347841,Boston Pizza
49.2637686,-123.1632610,White Spot
49.2815418,-123.0777932,Axum Ethiopian Restaurant
49.2327002,-123.0238338,China Gate Beijing Duck & Dumpling house
49.2636752,-123.1306845,Raga
49.2636245,-123.1298503,Tojos
49.2615797,-123.1381671,Mazahr Lebanese Kitchen
49.2637649,-123.1390412,Bin 942
49.2635540,-123.1256923,Happy Wood BBQ House
49.2606319,-123.1153899,Regal Mansion Cuisine
49.2642078,-123.1686250,Pho Japolo
49.2705703,-123.1472574,Radish
49.2563231,-123.1849414,Jethro's Fine Grub
49.2559770,-123.1849200,Kuma
49.2609085,-123.1382643,Fiore
49.2601931,-123.1389468,Café Crêpe
49.2470543,-123.1009591,Sawasdee Thai Restaurant
49.2682468,-123.1525549,Sophies Cosmic Cafe
49.2572846,-123.1269819,De Dutch
49.2579918,-123.1271690,Joon's Kitchen
49.2694460,-123.1407070,Apollinia
49.2748252,-123.1230570,Zab Zaab
49.2499167,-123.0340382,iSushi Japanese Restaurant
49.2635437,-123.1463685,Viet Flavour Restaurant
49.2631899,-123.1224570,Banana Leaf on Broadway
49.2753425,-123.1211166,Bistro Sakana
49.2752460,-123.1207750,Minami
49.2755974,-123.1203090,Hula
49.2620492,-123.0332492,SushiHolic
49.2572924,-123.0896199,Les Faux Bourgeois
49.2741000,-123.1219573,Salsa and Agave Mexican Grill
49.2505553,-123.0773106,Po Kong
49.2756803,-123.1217530,Cioppino's Mediterranean Grill
49.2757912,-123.1215870,Urban Thai Bistro
49.2760962,-123.1211140,Blue Water Cafe + raw bar
49.2636258,-123.1852738,Brown's Social House
49.2758000,-123.0696530,Sunrise Pizza
49.2754879,-123.0692940,Mogu Fried Chicken
49.2631815,-123.1220615,Ta-Ke Don
49.2637874,-123.1396816,Lin Chinese Cuisine And Tea House
49.2810042,-123.0532900,Laska King
49.2678759,-123.1462727,Ajiya Sushi
49.2662923,-123.1395508,The Farmers Apprentice
49.2813917,-123.0579502,Dachi
49.2726415,-123.1498170,Octopus Garden
49.2445983,-123.0643641,The Tipper
49.2784257,-123.0981940,Phnom Penh Restaurant
49.2529024,-123.0822591,Green Lemongrass
49.2778449,-123.1276301,Nando's
49.2691037,-123.0341800,Poor Italian
49.2679352,-123.1507133,Indian Oven
49.2749531,-123.1186550,La Terrazza
49.2766293,-123.1256382,Sushi Yamato
49.2767875,-123.1258792,Basil Pasta Bar
49.2768123,-123.1259319,Jako Sushi
49.2338606,-123.1399736,Kyuzo Japanese Restaurant
49.2810095,-123.0537462,El Pulgarcito
49.2814060,-123.0498880,James on Hastings Chinese Restaurant
49.2299673,-123.0908832,Good Choice Restaurant
49.2855040,-123.1188150,Cactus Club Cafe
49.2793266,-123.1007929,Floata Seafood Restaurant
49.2845287,-123.1252531,Red Robin
49.2812536,-123.0489809,The Slocan Restaurant
49.2726439,-123.1472791,Triple-O's
49.2831510,-123.1037570,Sitar
49.2830557,-123.1044882,The Greek Gastown
49.2831498,-123.1049771,Boneta
49.2834563,-123.1023773,Incendio
49.2835451,-123.1027360,The Birds & The Beets
49.2743433,-123.1232690,Rodney's Oyster House
49.2799957,-123.1252243,Eat Bar & Patio Haraheri
49.2081527,-123.1401353,Solo Pasta
49.2109227,-123.1304363,Applause
49.2633589,-123.1140975,Marulilu Cafe
49.2269711,-123.1287459,Phở Hòa
49.2079075,-123.1403014,Ikura
49.2345961,-123.1845122,Red Tuna
49.2344723,-123.1595022,Irashai Sushi
49.2345042,-123.1579450,ASA Sushi
49.2347568,-123.1587655,Orange Corner
49.2572249,-123.1853564,La Notte
49.2106370,-123.0922050,Pho Zen Vietnamese Cuisine
49.2732782,-123.1196640,Provence Marinaside
49.2106207,-123.0925992,New Fishport Seafood Bistro
49.2058672,-123.0426538,Romers Burger Bar
49.2634035,-123.1872810,Sushi Inn Japanese Cuisine
49.2641834,-123.1840519,Handi
49.2640510,-123.1750520,Mamalee
49.2640525,-123.1748296,Ramen Sanpachi
49.2640299,-123.1745214,nuba
49.2639522,-123.1695220,Tandoori Fusion
49.2639326,-123.1676074,iki Japanese Bistro
49.2631897,-123.1221966,Donair Spot
49.2626734,-123.0693700,Donair Dude
49.2687655,-123.1853463,La Quercia
49.2643668,-123.1011666,Nirvana Restaurant
49.2617901,-123.1007734,Tocador
49.2625220,-123.1007068,Cafe Barney
49.2635444,-123.1006949,The Wallflower
49.2420422,-123.1011291,Haiyi Seafood Restaurant
49.2802827,-123.1012535,New Town Bakery & Restaurant
49.2734675,-123.1191918,Oeb Breakfast Co.
49.2679231,-123.0698790,Belgian Fries
49.2733734,-123.0693436,Oca Pastificio
49.2446462,-123.0644833,Mui Ngo Gai
49.2382710,-123.0651803,Le BL Cafe
49.2435959,-123.0623580,Happy Family Restaurant
49.2847089,-123.1102280,MoMo Sushi
49.2827611,-123.1096481,Nuba
49.2402080,-123.0649364,In and Out Donair / Burger
49.2404120,-123.0655441,Deutsches Haus Restaurant
49.2678955,-123.0694445,Spade
49.2688079,-123.0694160,Sal y Limon
49.2684563,-123.0694070,Social
49.2450580,-123.0653916,Pho Duy Vietnamese Restaurant
49.2323800,-123.0653040,Jun Yuan Restaurant
49.2674124,-123.0699392,Riddim & Spice
49.2872474,-123.1189250,Meat & Bread
49.2333220,-123.0901205,Koon Bo Seafood Restaurant
49.2807022,-123.1319610,Stepho's Greek Restaurant
49.2802104,-123.1311970,Denny's
49.2827572,-123.1231390,Joey
49.2815936,-123.1237540,Earls
49.2561820,-123.1010400,El camino's
49.2573934,-123.1269764,Falafully Good
49.2853939,-123.1114016,Rogue Kitchen & Wetbar
49.2504077,-123.0762609,House of Dosas
49.2333359,-123.0347020,Gold Train Express Restaurant
49.2609348,-123.1392811,Heirloom
49.2339326,-123.1536982,Ajisai Sushi Bar
49.2346070,-123.1821906,Crêpe & Café
49.2857690,-123.1247040,Neptune Chinese Kitchen
49.2857504,-123.1212224,Victoria Chinese Restaurant
49.2821447,-123.1337057,Davie Dosa Company
49.2821310,-123.1341550,Halove
49.2819972,-123.1334555,Downtown Sushi Bar
49.2818284,-123.1336764,Al Basha
49.3012245,-123.1570710,The Teahouse
49.2874308,-123.1149040,Hapa Izakaya
49.2723233,-123.1548129,Juanita
49.2724034,-123.1548232,Kibune Sushi
49.2626661,-123.0569099,Bon's Off Broadway
49.2879174,-123.1237682,SushiGo
49.2884810,-123.1397440,Gillaneh Restaurant
49.2041123,-123.1353971,Cafe de l'Orangerie
49.2805112,-123.1316527,Taki's Taverna
49.2802910,-123.1315739,Thai Basil
49.2792354,-123.1227250,Moulin Rouge
49.2584652,-123.0451425,Prince Chinese Seafood Restaurant
49.2586122,-123.0445690,Sushi Royal House
49.2840032,-123.1254481,Guu Original Thurlow
49.2866651,-123.1183400,Joey
49.2672796,-123.1131130,De Dutch
49.2797370,-123.1266620,Tokyo Joe's
49.2630984,-123.1176938,Rogue Kitchen & Wetbar
49.2457056,-123.0659163,Green Lettuce
49.2393818,-123.0530866,Come Along Seafood Restaurant
49.2754223,-123.0692590,Britannia Sushi
49.2753733,-123.0692594,Bonbay Kitchen and Bar
49.2878057,-123.1153441,Riley's Fish & Steak
49.2622994,-123.0447404,Vallarta's Mexican Restaurant
49.2826802,-123.1205496,Art Gallery Cafe
49.2787902,-123.0995388,Ba Le Sandwich Shop
49.2786955,-123.0995441,Straight Outta Brooklyn NYC Pizza
49.2819214,-123.1060240,Save On Meats
49.2629935,-123.0569275,Trocadero Pizza & Steak House
49.2847156,-123.1231168,COAST Restaurant
49.2814850,-123.0562148,Sushi Nanaimo
49.2636959,-123.2087572,Hime Sushi
49.2644636,-123.1807710,The Eatery
49.2637105,-123.2095826,Four Olives Restaurant
49.2637079,-123.2097195,Sun Sushi
49.2830756,-123.1083840,The Charles Bar
49.2685558,-123.1186398,Branas
49.2580788,-123.1013890,Pizza Garden
49.2576896,-123.1014017,Pho Goodness
49.2580858,-123.1009383,Canteen Mitra
49.2579684,-123.1009418,The Basic
49.2562828,-123.1010140,Pizzeria Grano
49.2812593,-123.0541858,Le Pho
49.2722718,-123.0693195,Famoso
49.2724859,-123.0693157,Memphis Blues
49.2597756,-123.0700861,The Burrow
49.2481253,-123.0711517,Tana Ethiopian Cuisine
49.2858999,-123.1264870,Earls
49.2666151,-123.0698890,Best Falafel
49.2665390,-123.0698996,Addis Cafe
49.2666995,-123.0695093,Kishimoto
49.2795339,-123.1238120,Sushi Star
49.2833798,-123.1164110,The Keg
49.2694468,-123.1061600,Pho Quynh Express
49.2893842,-123.1144250,Mahony and Sons
49.2784378,-123.1245450,Templeton's
49.2828330,-123.1154190,Peaceful Restaurant
49.2688121,-123.0448771,Thai Son Restaurant
49.2831514,-123.1065200,Revel Room
49.2499831,-123.1151714,Corner 23
49.2819109,-123.1135011,White Spot
49.2590431,-123.1385100,Bin 4 Burger Lounge
49.2801513,-123.1098720,Chambar
49.2803275,-123.1104938,Famoso Pizzeria & Bar
49.2568919,-123.0892293,Sal y Limon
49.2640247,-123.1860912,The Kitchen Dada Sushi Bar & Grill
49.2661196,-123.0698892,Tangent Cafe
49.2268328,-123.1288101,Sushi Mura
49.2569664,-123.0892948,Straight Outta Brooklyn NYC Pizzeria
49.2813183,-123.0589060,Jackalope's Neighborhood Dive
49.2809119,-123.0634229,On Lok Restaurant & Wun Tun House
49.2584314,-123.0306850,Boston Pizza
49.2485254,-123.1256302,Osaka Sushi
49.2847774,-123.1168853,Joyeaux Café and Restaurant
49.2756342,-123.1352870,Hoshi
49.2914802,-123.1356915,Holy Guacamole
49.2737030,-123.0693627,Havana
49.2741987,-123.0697248,Thai Basil
49.2720213,-123.0698212,Cafe Phin Phap
49.2717699,-123.0697926,Donair Town
49.2718556,-123.0697910,Soly's Pizza
49.2718128,-123.0697910,Viet Family Restaurant
49.2717271,-123.0697935,Ginger Sushi
49.2716414,-123.0697951,Tatsu Japanese Bistro
49.2716842,-123.0697943,Tandoori Palace
49.2719391,-123.0694126,Harbour Oyster + Bar
49.2718891,-123.0694101,Sake Maki Sushi
49.2808318,-123.0455120,Phở Don
49.2808315,-123.0457850,Blowfish Sushi
49.2599467,-123.0700878,Naruto Sushi
49.2694998,-123.1077010,The Flying Pig
49.2813956,-123.1337080,Sushi Bar Maumi
49.2849273,-123.1246110,Joe Fortes
49.2857079,-123.1269910,Jang Mo Jib
49.2829671,-123.1105765,La Taqueria
49.2541779,-123.1149577,Sushi 7 Japanese Bar & Grill
49.2542829,-123.1149530,Monsoon Curry Indian Restaurant
49.2545850,-123.1149427,Potluck Hawker Eatery
49.2873114,-123.1171280,Brass Fish
49.2837081,-123.1136160,Cartems Donuterie
49.2865571,-123.1409810,Mumu Kitchen
49.2799326,-123.1302522,Banana Leaf
49.2775740,-123.1318500,Osaka Sushi
49.2828492,-123.1158635,Gotham
49.2465842,-123.1010258,Chickpea Restaurant
49.2861606,-123.1242060,The Keg
49.2890798,-123.1326293,Kosoo
49.2784435,-123.1143280,Black Rice Izakaya
49.2823168,-123.1239578,Sala Thai
49.2918539,-123.1346228,Tonkatsu Ramen Tsukiya
49.2801028,-123.1181207,Bentoya
49.2809398,-123.1246266,Shizen Ya
49.2825960,-123.1119502,Osteria Autostrada
49.2820156,-123.1229819,Hubbub
49.2807667,-123.1248876,Sushi Maki
49.2917752,-123.1383670,Robba da Matti
49.2918102,-123.1351890,Tetsu Sushi Bar
49.2810223,-123.1189950,Meat & Bread
49.2809630,-123.1189150,Aladdin Cafe
49.2616326,-123.0700247,Commercial Sushi
49.2800589,-123.1086084,Pizzeria Ludica
49.2796305,-123.1086100,Hai Phong
49.2808958,-123.1078452,Tsuki Sushi Bar
49.2807869,-123.1078361,Taishoken
49.2810728,-123.1185830,Ryuu
49.2726305,-123.1486770,Moltan
49.2726319,-123.1487490,Corduroy
49.2726398,-123.1491780,Charqui Grill
49.2724816,-123.1545482,Thai Basil
49.2861746,-123.1169760,The Butcher & Bullock
49.2818966,-123.1241450,Chef Hung Taiwanese Beef Noodle
49.2818326,-123.1240230,Pacifico Pizzeria & Ristorante
49.2802018,-123.1306700,Kadoya
49.2801081,-123.1251170,Gyu-Kaku
49.2777207,-123.1267770,Rorimomo
49.2684763,-123.1671204,The Oakwood
49.2847964,-123.1243060,Sushi Yan
49.2838527,-123.1143645,Chihuahua's
49.2829266,-123.1237980,Boulevard Kitchen & Oyster Bar
49.2841806,-123.1143610,Gyoza Bar
49.2843293,-123.0955163,Belgard Kitchen
49.2842123,-123.0977153,Ask for Luigi
49.2852511,-123.1186391,Rue 909 Sushi
49.2755415,-123.0996107,Bodega
49.2755190,-123.0996260,Campagnolo
49.2760040,-123.0996219,Torafuku
49.2831953,-123.0949154,The MacKenzie Room
49.2812088,-123.1319730,Gurkha Himalayan Kitchen
49.2820205,-123.1204450,Bistro Verde
49.2820098,-123.1080320,Turquoise Goat
49.2819933,-123.1079730,Wildebeest
49.2815272,-123.0660535,Pelican Seafood Restaurant
49.2813515,-123.0600210,Van Dragon Seafood Restaurant
49.2814517,-123.0638208,Volcano Sushi & Grill
49.2830665,-123.1126225,Ha Long Bay
49.2841885,-123.1139212,Caveman Cafe
49.2840406,-123.1221600,Salam Bombay
49.2864210,-123.1402620,Red Umbrella Cafe
49.2795681,-123.1173620,Memphis Blues BBQ House
49.2857988,-123.1153590,Curry Hut Indian Bistro
49.2831520,-123.1159380,St. Regis Bar & Grill
49.2780334,-123.1251115,The Pawn Shop
49.2749694,-123.0692830,Lunch Lady
49.2722540,-123.0697908,LIVIA Forno e Vino
49.2774536,-123.1313370,Daikichi Sushi
49.2655909,-123.0700235,Harambe
49.2838460,-123.1094090,Greedy Pig
49.2829428,-123.1092138,Haru Korean Kitchen
49.2396385,-123.0540931,Kwan Luck Restaurant
49.2396667,-123.0537060,Tina Cake Desserts
49.2396139,-123.0535933,Yue Ting Seafood Restaurant
49.2375423,-123.0493980,Top Cantonese Cuisine Restaurant
49.2371420,-123.0482787,McKim Wonton Mein Saga
49.2442677,-123.0628353,Crab Hot Lau
49.2444085,-123.0631540,Vegan Pizza House
49.2441194,-123.0633460,Zamzam Grill
49.2380141,-123.0652047,Fatty Cow Seafood Hot Pot
49.2372505,-123.0655991,Kalvin's Szechuan Restaurant
49.2373336,-123.0655854,Hanoi Old Quarter Restaurant
49.2554261,-123.1153387,Tokyo John
49.2803833,-123.1074046,Tokyo In April
49.2760108,-123.1219020,Yopo
49.2759195,-123.1245551,Nuba
49.2756856,-123.1220661,Brix & Mortar
49.2796018,-123.1005962,Bao Bei
49.2778470,-123.1248161,The Edge
49.2784067,-123.1187517,Tutto
49.2625456,-123.0708373,Hon's Wonton House
49.2830640,-123.1069670,La Casita
49.2790983,-123.1177060,The Noodle Box
49.2823081,-123.1225427,Bacchus
49.2842150,-123.1124630,Pholicious
49.2851704,-123.1182262,Copper Chimney
49.2781376,-123.1263175,Mangos Kitchen Bar
49.2835359,-123.1143430,Kim House
49.2761557,-123.1281640,White Spot
49.2837533,-123.1120990,The Poke Guy
49.2765186,-123.1274426,Torizo
49.2767764,-123.1264629,Tequila Cocina
49.2807525,-123.1171855,Fable Diner & Bar
49.2775029,-123.1259310,Mr. Greek
49.2777010,-123.1256260,Umeda Japanese Cuisine
49.2777640,-123.1255330,Dim Sum Master
49.2777995,-123.1254750,Brunch
49.2784906,-123.1244500,Thai Away Home
49.2786415,-123.1242140,Thai Town Restaurant
49.2681890,-123.0698790,BC Donair
49.2534133,-123.0820880,Moon Cafe
49.2680211,-123.1558693,Simpatico
49.2681152,-123.1595834,Peaceful Restaurant
49.2681046,-123.1582908,Raisu
49.2682035,-123.1463002,Pizza Hut
49.2680391,-123.1570130,Au Comptoir
49.2680363,-123.1568370,Burgoo
49.2680988,-123.1580755,Maria's Taverna
49.2682486,-123.1484496,Tacofino
49.2683097,-123.1546683,Bishop's
49.2682522,-123.1486085,Freshii
49.2682731,-123.1536977,Connie's Cook House
49.2682306,-123.1517425,Sushi Nova
49.2682348,-123.1518413,Nelly's Grill
49.2679785,-123.1514269,Their There
49.2682334,-123.1515788,TurF
49.2738934,-123.1327750,Ancora
49.2324140,-123.0320090,K & H Seafood Restaurant
49.2328569,-123.0330812,Li's China Grill
49.2329098,-123.0331930,Bubble World
49.2328830,-123.0331425,Fortune Lamb Dining
49.2403647,-123.1017953,Bon Cafe
49.2817168,-123.1330620,Thida Thai
49.2815405,-123.1328110,Tom Sushi
49.2814332,-123.1326310,Pho Central
49.2813594,-123.1325040,India Bistro
49.2361435,-123.0414313,The Sea House Fish & Chips
49.2362425,-123.0417360,Chili Pepper House
49.2324976,-123.0244448,Michi Craft Kitchen
49.2319862,-123.0274025,Max's Restaurant
49.2318116,-123.0303064,Cho Sun Korean BBQ
49.2317538,-123.0281419,Love for Pho
49.2317853,-123.0286140,Todak Todak Restaurant
49.2209906,-123.0660420,Fat Boy Kitchen
49.2204323,-123.0656741,Karakoram Restaurant
49.2690886,-123.1044784,Manna Sushi
49.2825244,-123.1144590,Ramen Gojiro
49.2851116,-123.1259645,Zefferelli's Spaghetti Joint
49.2902892,-123.1338882,Guu ​with Garlic
49.2865749,-123.1228580,Sushi California
49.2806380,-123.1310870,Cazba
49.2664790,-123.1386694,Cheesecake etc.
49.2803076,-123.1179250,JINYA Ramen Bar
49.2818976,-123.1187830,O Sushi
49.2591437,-123.0694945,Gojo Little Africa Cafe
49.2870382,-123.1181010,Freshii
49.2798107,-123.1224898,Chit Chat Burger Bar
49.2475507,-123.1013532,Restaurant Yugo
49.2730825,-123.1039760,White Spot
49.2839140,-123.1157050,Urban Sushi
49.2269075,-123.0905378,Pho Hong Restaurant
49.2882920,-123.1400500,Banana Leaf
49.2663263,-123.0695173,Sushi Ville
49.2884539,-123.1398060,Legendary Noodle House
49.2792930,-123.0974274,Oyster Express
49.2626656,-123.0894187,Ba Le Deli & Bakery
49.2622489,-123.0447425,Basil Garden Pho
49.2874551,-123.1289330,Ramen Danbo
49.2682379,-123.1860064,Yuji's from Japan
49.2826779,-123.1060827,Tuc Craft Kitchen
49.2879187,-123.1404350,Zeitoon
49.2560300,-123.1148870,Dutch Wooden Shoe Cafe
49.2792456,-123.1168603,Ebi-Ten
49.2873953,-123.1288380,JoongWon
49.2876650,-123.1292500,Stepho's Souvlaki Greek Tavern
49.2873464,-123.1283402,miss KOREAN BBQ
49.2870639,-123.1289270,Forage
49.2874858,-123.1289800,Miko Sushi
49.2875631,-123.1297180,Cora
49.2623184,-123.0895035,Hail Mary's
49.2913870,-123.1350160,Banana Leaf
49.2907725,-123.1340780,Dinesty Dumpling House
49.2623182,-123.0884901,Nha Trang Restaurant
49.2862529,-123.1276348,Momo Sushi
49.2608368,-123.1007648,Mali Thai Food
49.2856233,-123.1261012,Hello Nori
49.2643451,-123.1757200,Deacon's Corner
49.2863249,-123.1255978,Kirin Mandarin Restaurant
49.2852500,-123.1254060,Fantacity Karaoke
49.2821191,-123.1336620,NeNe Chicken
49.2814778,-123.1336020,The Italians
49.2665754,-123.1037440,Peaceful Restaurant
49.2844770,-123.0657340,Scan-Delicious
49.2309718,-123.0653710,Shun Jing Lou Seafood Restaurant
49.2711045,-123.1551960,Cafe Zen
49.2691827,-123.0694303,Federico's Supper Club
49.2813057,-123.1079703,Mirai Sushi
49.2640395,-123.1801008,Green Leaf Sushi
49.2254234,-123.0655270,Grillzilla Bistro
49.2879922,-123.1404642,Rio Brazilian Steakhouse
49.2890564,-123.1320225,Liuyishou Hotpot Robson
49.2766268,-123.1001058,Pizza Farina
49.2915693,-123.1275160,Cardero's
49.2839339,-123.1223490,Shabusen
49.2742337,-123.1239410,Buddha Chay
49.2747239,-123.1227030,Capo and the Spritz
49.2746128,-123.1233641,Grand Chinese Restaurant
49.2744437,-123.1236320,Saigon Xua
49.2743350,-123.1237928,Tasty Indian Bistro
49.2751710,-123.1225720,Hapa Izakaya
49.2751034,-123.1220829,The Flying Pig
49.2752946,-123.1211862,Robba Da Matti
49.2751593,-123.1213923,Paulies Kitchen
49.2748390,-123.1218884,Sushi Maro
49.2458146,-123.0900087,Masayoshi
49.2467148,-123.1010057,Meet on Main
49.2832439,-123.1048440,Meet in Gastown
49.2513521,-123.1011962,Bob Likes Thai Food
49.2507803,-123.1011735,The Fish Counter
49.2313896,-123.0657674,Mui Garden
49.2630437,-123.1016379,Fable Diner
49.2814683,-123.1172443,Glowbal
49.2743218,-123.1269420,Kaide Sushi Bar
49.2909348,-123.1360430,Dan Dan Noodle
49.2812722,-123.0472413,Le Petit Saigon
49.2848775,-123.1256192,Spicy 6
49.2500121,-123.1008107,French Table Bistro
49.2498744,-123.1007808,Old Bird
49.2797553,-123.0999341,Virtuous Pie
49.2454125,-123.1015452,East is East - Main St
49.2701699,-123.0568935,Song Huong
49.2630575,-123.1164431,Yolks
49.2786045,-123.1184590,Per Se Social Corner
49.2764803,-123.1148881,On Yogurt
49.2905660,-123.1370560,Kingyo
49.2531282,-123.0831059,Dai Tung
49.2382172,-123.0321390,Milk & Sugar BBQ Bar
49.2810135,-123.0563034,Thailicious
49.2636452,-123.1534206,Gyo Para -Gyoza and Ramen Paradise
49.2641802,-123.1574700,Casereccio Foods
49.2637118,-123.1546883,Yagoto Sushi Dining
49.2628286,-123.0569216,Phoenix Garden
49.2629890,-123.1124016,Heritage Asian Eatery
49.2189394,-123.0911857,Dosa Hut
49.2039007,-123.1377940,Fresh Window Cafe
49.2643900,-123.0695150,B House Restaurant
49.2906033,-123.1333900,Maruhachi Ra-men
49.2902063,-123.1337425,Hokkaido Ramen Santouka
49.2495635,-123.1012512,The Acorn
49.2499187,-123.1012388,The Arbor
49.2838437,-123.1053670,The Old Spaghetti Factory
49.2696579,-123.1029057,Tractor
49.2681235,-123.1017035,Nuba
49.2327946,-123.0348030,Wang's Shanghai Cuisine
49.2737081,-123.1234740,Ki Isu Japanese Restaurant
49.2737767,-123.1232260,Little Saigon Yaletown
49.2873076,-123.1284010,Ssong’s Hotdog
49.2101551,-123.1161570,Pink Elephant Thai Restaurant
49.2623200,-123.0884041,Fassil Ethiopian Restaurant
49.2894547,-123.1319360,Jang Mo Jib Korean Restaurant
49.2310864,-123.0657999,The First Dessert
49.2324291,-123.0903793,New Bhaia Sweet Shop and Restaurant
49.2401113,-123.0649493,Indian Bay Leaf
49.2344287,-123.0360720,Fighter Chicken
49.2623272,-123.0898418,Klasik Inasal
49.2916811,-123.1348802,Jingle Bao
49.2801333,-123.1063965,Abdul's Bbq
49.2424784,-123.0598187,Sushi by Yuji
49.2322075,-123.0294423,Dragon Crepe
49.2693160,-123.1387834,Afghan Horsemen Restaurant
49.2830915,-123.1356330,Kinara Indian Cuisine
49.2869536,-123.1410810,The Park at English Bay
49.2866090,-123.1405880,Arike Restaurant & Cocktail Bar
49.2643226,-123.1741950,Kitstaya Sushi
49.2642652,-123.1718010,Pokay
49.2642636,-123.1717479,Harvest Delicatessen
49.2642602,-123.1716944,TeraVBurger
49.2764454,-123.1195150,Tacofino
49.2763998,-123.1196010,West Oak
49.2759204,-123.1203040,Nightshade
49.2785750,-123.1141120,Fanny Bay Oyster Bar
49.2762885,-123.1197560,The Greek by Anatoli
49.2764360,-123.1190454,Moltaqa Moroccan Restaurant
49.2575621,-123.1148455,Vij's
49.2781965,-123.1133537,Frankie’s Italian Kitchen & Bar
49.2762561,-123.1155406,Pho Khanh
49.2792632,-123.1161100,Sonoya
49.2795769,-123.1228253,El Furniture Warehouse - Granville
49.2791296,-123.1234852,The Dime
49.2627678,-123.0563725,Yook Korean Grilled BBQ and Bistro
49.2608862,-123.1007632,Lucy's Eastside Diner
49.2870647,-123.1128287,Miku
49.2804382,-123.1181030,Tractor
49.2328886,-123.0657559,Kokoro Ramen
49.2387906,-123.0509277,Oiso Kimchi Cafe
49.2257507,-123.0659387,Pho Thai Son Restaurant
49.2258678,-123.0661450,BOX Chinese Express Kitchen
49.2318583,-123.0653897,Kim Phung Restaurant
49.2320731,-123.0658018,RGK BBQ
49.2319942,-123.0658214,Shun Fa Noodle House
49.2335229,-123.0653161,Happy Sushi
49.2346086,-123.0657155,Pho Hue
49.2353641,-123.0656869,Banh Mi Saigon
49.2376403,-123.0656949,La Maison Da Nang
49.2378772,-123.0656128,Bun Cha Ca Hoang Yen
49.2385372,-123.0651956,Chau Veggie Express
49.2386583,-123.0655595,Kozak Ukraїnian Eatery
49.2430252,-123.0601830,17℃ Bubble Tea & Dessert Café
49.2426381,-123.0592230,Phở Hòa
49.2883458,-123.1404570,Frying Pan
49.2885437,-123.1401470,Akira Sushi
49.2320583,-123.0260790,Icy Bar
49.2302467,-123.0909304,Angel Cafe
49.2252584,-123.0903840,Sushi & Co
49.2248465,-123.0909786,Shoom Restaurant
49.2246588,-123.0909787,Yu Xiang Yuan Restaurant
49.2262041,-123.0905440,Samurai Sushi on Fraser
49.2276870,-123.0904910,Deer Garden Signatures
49.2279638,-123.0904880,Ho Yuen Kee Restaurant
49.2411997,-123.1017066,Sushi Hub
49.2434136,-123.1011851,Pho Tan Restaurant
49.2446040,-123.1011020,MeetRice Noodle
49.2458734,-123.1014712,Dream Sushi
49.2570082,-123.1148128,Nabebugyo Hot Pot Cuisine
49.2507344,-123.0768216,Sun Bo Kong Vegetarian Restaurant
49.2511829,-123.0784268,Grace of India
49.2511789,-123.0789198,Hai Phong Vietnamese Restaurant
49.2516531,-123.0796219,Hoy's Wonton House
49.2573892,-123.0909119,Osteria Savio Volpe
49.2574262,-123.0910754,Los Cuervos Taqueria & Cantina
49.2573100,-123.0900346,The Lion's Den Cafe
49.2885830,-123.1400790,Thios
49.2568861,-123.1215180,Hachibei
49.2336484,-123.0353100,Happy Day Cafe
49.2344888,-123.0361880,Beijiang Restaurant
49.2340779,-123.0353710,The Captain's Boil
49.2340261,-123.0352637,Congee Noodle King
49.2335852,-123.0344010,395 Baking House Pro
49.2371809,-123.0326238,Japanese Bistro Kamome
49.2378821,-123.0325570,Chicko Chicken
49.2910377,-123.1345120,Flower & Horse In Spring
49.2915752,-123.1350630,Kintaro Ramen
49.2908690,-123.1361720,Gon's Izakaya
49.2909663,-123.1364550,Ma Dang Goul
49.2911579,-123.1361617,Zakkushi
49.2914000,-123.1357870,Ukrainian Village Restaurant
49.2869447,-123.1419900,Hook Cantina
49.2906257,-123.1369710,Damso Restaurant
49.2907749,-123.1367500,Khaghan Restaurant
49.2494520,-123.0898806,Nammos Estiatorio
49.2498662,-123.0898679,Good Sushi
49.2497616,-123.0898772,Penang Bistro
49.2496530,-123.0898830,Bonjour Vietnam Bistro
49.2477372,-123.0903660,Saigon Taste Vietnamese Restaurant
49.2799300,-123.1275710,Burgoo
49.2766247,-123.1198890,Pierre's
49.2250996,-123.1014359,All India Sweets & Restaurant
49.2248105,-123.1018704,Himalaya Restaurant
49.2798153,-123.1236380,Freshii
49.2425045,-123.0598770,Obanhmi
49.2427336,-123.0603670,Ngon Banh Mi & Tea
49.2427566,-123.0604222,Cafe Xu Hue
49.2428186,-123.0605660,Veggie Bowl
49.2786639,-123.0987404,The Ramen Butcher
49.2786612,-123.0989180,Fat Mao Noodles
49.2786408,-123.0980140,Blnd Tger Dumplings
49.2790657,-123.0999382,Pacific Poke
49.2793572,-123.1002146,Juke
49.2805161,-123.1001660,Pizza Coming Soon
49.2802926,-123.1009532,Sai Woo
49.2805359,-123.1010100,Jade Dynasty Restaurant
49.2750488,-123.0770364,Truck Stop Cafe
49.2255504,-123.0542783,Yu Ki BBQ Kitchen
49.2254057,-123.0535119,Pho Thai Ha
49.2254858,-123.0535127,Bubble Waffle Cafe
49.2717729,-123.0951169,Bibi's Kitchen
49.2590457,-123.1389288,KYO Korean BBQ & Sushi house
49.2509254,-123.0771620,Dosa Factory
49.2756158,-123.1151739,Fresh Japanese Restaurant
49.2684715,-123.1853203,Irori Sushi
49.2684400,-123.1821901,Double DD Pizza
49.2682499,-123.1690466,Linh Café
49.2682482,-123.1687786,Raviolino
49.2682325,-123.1667687,Healthy Noodle House
49.2579533,-123.1678222,Zest Japanese Cuisine
49.2487697,-123.1854212,Stong's Replenish Cafe
49.2483679,-123.1850471,Wild Sushi
49.2465989,-123.1854074,Cosy Inn Cafe
49.2462956,-123.1853981,The Dunbar Public House
49.2454947,-123.1854457,The Cheshire Cheese Inn
49.2469916,-123.1850629,Sushi Inn
49.2469076,-123.1850629,Mexicali
49.2609848,-123.1007601,Burdock & Co
49.2826171,-123.1251930,Le Crocrodile
49.2996655,-123.1338483,Stanley's Bar and Grill
49.2486124,-123.1252499,Mandarin Hong Kong Cafe
49.2485230,-123.1254837,Kim Express
49.2485238,-123.1255358,City 1 cafe
49.2873576,-123.1414180,Vonns
49.2809895,-123.0611172,The Red Wagon Cafe
49.2769143,-123.1307852,RV's Butter Kitchen
49.2615373,-123.0696114,Daddy's Kitchen
49.2698716,-123.0439878,Rib & Chicken
49.2336160,-123.0344604,Sushi Aji
49.2318915,-123.0288800,Happy Tree House BBQ
49.2683767,-123.0444762,Jiro Sushi & Ramen
49.2629621,-123.0986057,The Black Lodge
49.2821995,-123.1027434,La Mezcaleria
49.2701295,-123.0694291,La Mezcaleria
49.2776864,-123.1160680,Grounds for Appeal
49.2850132,-123.1179130,La Taqueria
49.2771741,-123.1163450,Smithe Salad
49.2504667,-123.0417872,Ragazzi Pizza Co.
49.2622969,-123.0958568,Carp
49.2620586,-123.0333402,Dae-Ji Cutlet House
49.2635577,-123.1126736,La Taqueria Pinche Taco Shop
49.2831459,-123.1030360,Rodney's Oyster House
49.2888741,-123.1317300,Sura Korean
49.2898464,-123.1331580,Hongdae Pocha Korean
49.2349593,-123.0371824,Jambo Grill
49.2892247,-123.1322819,Saku
49.2786129,-123.1160175,Original Joe's
49.2786063,-123.1168570,Patisserie Fur Elise
49.2643906,-123.0699559,Poke Five
49.2486397,-123.1008270,Helen's Grill
49.2766598,-123.1256875,Manoush’eh
49.2834375,-123.1044300,Peckinpah
49.2766922,-123.1202660,The Parlour
49.2787970,-123.1240060,The Mexican Antojitos y Cantina
49.2641590,-123.1654090,Sunshine Classic Diner
49.2695189,-123.1082181,Ophelia
49.2559475,-123.0877967,Thanh Thanh
49.2193183,-123.0410871,54th Ave Cafe
49.2813020,-123.0575579,Tacofino Commissary
49.2812984,-123.0573443,Miyako Sushi
49.2812866,-123.0550910,Bad Apple Vegan Restaurant & Bar
49.2832655,-123.0978958,St Lawrence Restaurant
49.2832876,-123.0980745,Cuhillo
49.2796054,-123.1002790,MILA
49.2796207,-123.1011093,Gold Stone Bakery & Restaurant
49.2831638,-123.1035300,The Sardine Can
49.2834234,-123.1064112,Jules Bistro
49.2687365,-123.0457293,Fuku Ramen
49.2827102,-123.1047610,Tacofino
49.2819798,-123.1063174,Moltaqa
49.2786385,-123.1153150,Delicious Pho
49.2810356,-123.1042020,Calabash
49.2777744,-123.1275201,Firecrust Neopolitan Pizzeria
49.2886584,-123.1307920,The Captain's Boil
49.2886197,-123.1307330,Menya ITTO
49.2845440,-123.1228990,Black & Blue
49.2811182,-123.0728439,Yolks
49.2809214,-123.0854249,S2 Cafe House
49.2644934,-123.1011624,Slim's BBQ
49.2839422,-123.0998366,Deacon's Corner
49.2360088,-123.1556952,China Lan Lanzhou Beef Noodle
49.2376572,-123.1556390,White Spot
49.2374525,-123.1556357,Bufala
49.2377976,-123.1556386,Sushi King House
49.2346965,-123.1564380,ZUBU Ramen
49.2347896,-123.1617089,Minerva
49.2343745,-123.1615078,Jin Jiang Japanese Restaurant
49.2345339,-123.1619020,Lok's Chinese Restaurant
49.2362672,-123.1851138,Moki's Pizza
49.2577128,-123.1857358,Dunbar Sushi
49.2644862,-123.1845642,Taste of Thai
49.2636616,-123.1871050,Rajio Japanese Public House
49.2639217,-123.2063650,Ginger & Chili
49.2636680,-123.2067358,Takumi Japanese Restaurant
49.2636746,-123.2071292,Burgoo
49.2634725,-123.2089582,The Kitchen
49.2637428,-123.2104101,Pizza Hut
49.2637147,-123.2108476,The Diner
49.2639253,-123.2073519,DoDo Sushi
49.2504210,-123.0340430,Lucky Plus Restaurant
49.2620330,-123.0296665,Happy Valley Dim Sum Seafood Restaurant
49.2814927,-123.1331510,Dosa and Curry on Davie
49.2642796,-123.0695194,Jamjar Folk Lebanese Food
49.2878780,-123.1184376,Chewies
49.2859601,-123.1274060,Ebisu
49.2809013,-123.1322613,Mumbai Local
49.2684412,-123.1647514,Dark Table
49.2314573,-123.0653667,East Kitchen
49.2881797,-123.1171240,Botanist
49.2877451,-123.1206600,Le Petit Crêpe
49.2874987,-123.1233060,Tableau
49.2732428,-123.2031796,N.S.C.S. Discovery Café
49.2873492,-123.1236300,Domo Sushi
49.2293878,-123.0904982,Pizza Hut
49.2316825,-123.0297556,Royal Momo Palace
49.2813362,-123.0625217,Koko Japanese Restaurant
49.2809152,-123.0625400,Sun Yee Cafe Restaurant
49.2810313,-123.0585450,The Indian Chefs Cuisine
49.2810364,-123.0591250,Chomp Vegan Eatery
49.2914507,-123.1351280,Afgani Kabul Kebab Donair
49.2334254,-123.0353380,Kung Fu Noodle
49.2355401,-123.0386662,Dumpling House
49.2448912,-123.0241063,Kimu Japanese Cuisine
49.2055207,-123.1312735,Cravings Restaurant and Sports Bar
49.2047372,-123.1308338,White Spot
49.2044560,-123.1393553,Thai Son Restaurant
49.2092228,-123.1402539,Jasmine Flower Shanghai Cuisine
49.2101390,-123.1400883,Wang's Taiwan Beef Noodle House
49.2110159,-123.1401483,Red Star Seafood Restaurant
49.2119199,-123.1406651,Bing & Noodle World
49.2121488,-123.1409022,Pizza Hut
49.2128746,-123.1401870,Tai Tung
49.2116748,-123.1401802,Sushi King House
49.2116262,-123.1406792,Sushi Wow
49.2123453,-123.1406580,Sushi Bar Shu
49.2132631,-123.1400563,The Meat Up
49.2133718,-123.1400492,Snackshot
49.2135568,-123.1401448,Mirchi
49.2863433,-123.1277900,Rise & Noodle
49.2556960,-123.0896525,Bells And Whistles
49.2874308,-123.1175943,Nightingale
49.2498681,-123.1151900,Ton Ton Sushi
49.2498312,-123.1155922,Landmark Hot Pot House
49.2557109,-123.1153628,Thai Away Home
49.2562902,-123.1148710,Dong Tai Xiang Shanghai Dim Sum
49.2629908,-123.1125009,Sushi California
49.2637006,-123.1214739,Dynasty Seafood Restaurant
49.2634656,-123.1200652,Shanghai Lu Restaurant
49.2631016,-123.1200437,i-Cafe
49.2634120,-123.1169982,Pizza Rubato Napoletana
49.2634630,-123.0998125,La Petite Cuillère
49.2629456,-123.0972191,Sushi Yama
49.2553367,-123.1010490,Sushi Hil
49.2544914,-123.1012780,Pizza Hut
49.2652958,-123.1449311,Delhi 6
49.2666232,-123.1454087,Novo Pizzeria & Winery
49.2590347,-123.1528742,Lunch Club
49.2749478,-123.1217422,MeeT in Yaletown
49.2552645,-123.1149450,Deccan Chillli’s
49.2554118,-123.1149559,Pho Xe Lua 24
49.2555365,-123.1149376,Café Gloucester
49.2687186,-123.1109926,Clubhouse Japanese Restaurant
49.2638329,-123.1137937,Uma Sushi
49.2693923,-123.1040792,Hon's Wonton House
49.2703779,-123.1009077,Pho Quynh Express
49.2791744,-123.0973495,Kokomo
49.2795719,-123.0994950,RedBeef Noodle Kitchen
49.2804603,-123.0981436,Kissa Tanto
49.2818502,-123.1041702,Pidgin
49.2826468,-123.1045290,Kozak Ukraïnian Restaurant
49.2837990,-123.1209100,Notch8
49.2834916,-123.1193730,Hawksworth Restaurant
49.2877455,-123.1413350,Papi's Seafood and Oyster Bar
49.2211251,-123.0660355,Elephant Noodle House
49.2786794,-123.1153830,Tacos & Cantina
49.2848592,-123.0659373,Aleph Eatery
49.2457475,-123.0660233,Viva Sushi Bar
49.2472767,-123.0693382,My Chau Restaurant
49.2494220,-123.0763136,J.R Taste Of Ceylon
49.2496987,-123.0762996,Knight Street Cafe
49.2493186,-123.0736284,Pink Peppercorn Seafood House
49.2493978,-123.0739174,Icy Bar
49.2882329,-123.1274500,Trish Juice
49.2812554,-123.0273975,Just Waffles
49.2270126,-123.0909079,So Hyang Korean Cuisine
49.2513370,-123.1272962,Sabra Kosher Bakery & Restaurant
49.2257511,-123.1011754,Main Kabab Hut
49.2482354,-123.1009003,Boiling Point
49.2491091,-123.1014789,Zakkushi Dining on Main
49.2518827,-123.1007604,Sushi Main
49.2463095,-123.1014993,Your's Cafe Shop
49.2464616,-123.1014925,Trilussa Pizza & Pane
49.2478197,-123.1009105,Rocky Mountain Flatbread
49.2479573,-123.1009080,Sula Indian Restaurant
49.2461031,-123.1010442,The Shameful Tiki Room
49.2464325,-123.1010202,GRUB
49.2586312,-123.1008780,HYDE on Main
49.2595407,-123.1007264,Marutama Ramen
49.2610360,-123.1017694,Dock Lunch
49.2638048,-123.1006851,Soil Restaurant
49.2634940,-123.1164930,Benkei Ramen
49.2630940,-123.1168038,Hokkaido Ramen Santouka
49.2632120,-123.1061632,Bogo Korean Kitchen
49.2663650,-123.1045840,Tacofino Ocho
49.2805364,-123.1009549,DD Mau Chinatown
49.2787805,-123.1282860,Patterson Wonton House
49.2881226,-123.1402910,Pho 555
49.2693508,-123.1308317,Dockside
49.2811850,-123.1322270,Momo Factory Davie
49.2257494,-123.0662130,Weirdo Cafe
49.2317717,-123.0300412,Kuan Zhai Road Restaurant
49.2714049,-123.1059572,Gusto
49.2578769,-123.1009456,Seiza Japanese Cuisine
49.2629504,-123.0974610,Donky Chicken
49.2634310,-123.1365721,Masa Japanese Restaurant
49.2875480,-123.1210380,Heritage Asian Eatery
49.2873634,-123.1216740,Indian Delicacy
49.2876652,-123.1218950,Symphonie
49.2519721,-123.0800661,Bean Banh Mi
49.2431228,-123.0619725,New Mandarin Seafood Restaurant
49.2707965,-123.1466888,Annalena
49.2685203,-123.1706945,Bangkok City Cafe
49.2685192,-123.1706435,Nishi Restaurant
49.2706233,-123.0694150,Hanai
49.2722284,-123.1551219,Nook
49.2710538,-123.1551909,Lucky Taco
49.2621089,-123.0992080,Pür & Simple
49.2627174,-123.1000189,Freshii
49.2708993,-123.0697870,Arriva Ristorante
49.2733583,-123.1327480,Chang'an
49.2799857,-123.1303510,Bonta Italian Ristorante
49.2637917,-123.1399832,Freshii
49.2643867,-123.1772264,Thai Basil
49.2492671,-123.0744970,Ashiana Tandoori
49.2751643,-123.1127469,Honey Salt
49.2631179,-123.1187815,A.BENTO
49.2635410,-123.1451000,Happy Lamb Hot Pot
49.2892662,-123.1269360,Kiku Sushi Restaurant
49.2786686,-123.1282900,Sushi Mugen
49.2602981,-123.0700119,Jamaican Pizza Jerk
49.2755314,-123.1220130,Tavern
49.2862828,-123.1276850,Meet Fresh
49.2785491,-123.1157630,Maruhachi Ra-men
49.2694800,-123.1072592,Bao Down
49.2695161,-123.1091368,Nook
49.2519331,-123.0803514,Kingsway Deli
49.2683379,-123.0694640,Cannibal Café
49.2809572,-123.0612347,Vietnam House
49.2883664,-123.1399470,Ofra's Kitchen (Israel)
49.2811031,-123.1219140,Poke Time
49.2630215,-123.1383632,Sushi Van
49.2794825,-123.1229630,Romano's Pizza
49.2890139,-123.1394010,Chef Ron Restaurant & Bar
49.2718132,-123.1904797,Brock House Restaurant
49.2811638,-123.1218540,Smak
49.2793936,-123.1235030,Lucha Libre Taqueria
49.2120324,-123.1408860,Rib & Chicken
49.2119395,-123.1408297,Neptune BBQ House
49.2107727,-123.1406781,Talay Thai Restaurant
49.2188391,-123.1015778,Best Quality Sweets & Restaurant
49.2190954,-123.1020850,Original Tandoori Kitchen
49.2623317,-123.0897281,Pizzeria Barbarella
49.2621886,-123.0707974,Broadway Station Sushi
49.2355960,-123.0388300,Paramount BBQ Restaurant
49.2788186,-123.1220580,Heirs Pears
49.2794177,-123.1205980,Cibo Trattora
49.2824839,-123.1236240,Italian Kitchen
49.2812636,-123.0553386,Roundel Café
49.2648560,-123.1086080,Emelle's Westside Kitchen
49.2906777,-123.1339130,Nero Belgian Waffle Bar
49.2800691,-123.1309640,Gringo
49.2478265,-123.0903617,Grand View Szechuan Restaurant
49.2471335,-123.0903681,Egg & Co.
49.2059579,-123.0298393,Sushi Mura
49.2316361,-123.1558458,Chi Noodle Bar
49.2344735,-123.1561983,Baoguette Vietnamese Bistro
49.2347899,-123.1593373,La Vita
49.2347788,-123.1590939,Sofra Mediterranean Kitchen
49.2344048,-123.1529424,Chef Hung Taiwanese Beef Noodle
49.2643738,-123.1367483,Mixxbao Taiwanese Fusion
49.2585455,-123.1385207,Breakfast Table
49.2635017,-123.1416543,Suika Japanese Restaurant
49.2636608,-123.1535715,Z&W Shanghai Kitchen
49.2636687,-123.1541802,Temaki Sushi
49.2501322,-123.0765148,Do Chay
49.2855856,-123.1238070,Miantiao
49.2869324,-123.1246607,Freshii
49.2882200,-123.1223130,Prestons Restaurant + Lounge
49.2879048,-123.1200971,Showcase Restaurant & Bar
49.2916032,-123.1284750,6 Degrees Eatery
49.2759188,-123.1213770,Elisa Wood-Fired Grill
49.2238650,-123.0909986,New Novelty Restaurant
49.2663545,-123.1397685,Grapes and Soda
49.2791657,-123.1167410,Sushi Bros
49.2702991,-123.0694270,Loula's Taverna + Bar
49.2890618,-123.1220928,JOS
49.2914872,-123.1351782,Chung Chun
49.2612402,-123.0975999,Sprezzatura
49.2647216,-123.1006324,Como Taperia
49.2642424,-123.1703112,Great Wall Mongolian BBQ
49.2643924,-123.1782983,Jun Sushi
49.2643496,-123.1765555,Strike
49.2643550,-123.1769370,Colony
49.2874441,-123.1288320,Dae Bak Bon Ga
49.2469816,-123.0695856,Shiok Singaporean Cuisine
49.2857312,-123.1162360,Hydra Estiatorio Mediterranean
49.2850490,-123.0621868,The Dundas
49.2473597,-123.1853955,Moon Sushi
49.2040744,-123.1353732,Panang Delight Cafe at Marpole
49.2682067,-123.1464995,Bibo
49.2631692,-123.1205957,Pacific Poke
49.2208206,-123.0660980,TM Vietnamese Food
49.2600212,-123.1013850,Maizal RMF
49.2750379,-123.1211163,Milssam Tacorea
49.2251548,-123.1018741,Freshii
49.2755361,-123.1208411,Yaletown Brewing Company
49.2735245,-123.0693646,Fets Whisky Kitchen
49.2665275,-123.0695122,Siddhartha's Indian Kitchen
49.2643516,-123.1764671,Midam Cafe
49.2663539,-123.1040970,Field & Social
49.2528231,-123.1011318,Published on Main
49.2903487,-123.1342776,Momo Sushi
49.2641935,-123.1846791,Dijon
49.2532308,-123.0897453,Oka-San Kitchen
49.2549573,-123.0896782,Pho Long Restaurant
49.2743503,-123.0693580,Kulinarya Filipino Eatery
49.2586249,-123.0275436,Triple O’s
49.2794927,-123.1143598,Triple O’s
49.2597361,-123.1392318,The Stable House Bistro
49.2564491,-123.1009185,Browns Crafthouse
49.2570585,-123.1014828,Kwong Chow Congee & Noodle House
49.2493525,-123.1014720,District Eleven
49.2633900,-123.1370072,Shin Ka Gyuu
49.2635077,-123.1421378,Obanhmi
49.2715608,-123.1548470,The Cider House
49.2462674,-123.1010392,Kizuna
49.2506156,-123.1011955,Sushi Mania
49.2577322,-123.1390746,The Rise Eatery
49.2763128,-123.0697102,Downlow Chicken Shack
49.2638315,-123.1137242,Mr. Japanese Curry
49.2379560,-123.0651979,Viet Mama Cafe
49.2546275,-123.1149411,Viet House
49.2882956,-123.1405100,Big Bang Sushi
49.2467393,-123.0899723,Say Mercy
49.2602034,-123.1146941,Quan Ju De Beijing Duck House
49.2635520,-123.1177539,Tractor
49.2634500,-123.1195710,Genki Eki Noodle Bar
49.2631870,-123.1252450,YuShang Hot Pot
49.2631934,-123.1255240,Gyu-Kaku
49.2635941,-123.1282550,Saucin Staples
49.2633037,-123.1297400,Salmon n' Bannock
49.2632648,-123.1300130,Tomokazu
49.2679323,-123.1505652,La Routa Pizzeria
49.2682772,-123.1539631,Pacific Poke
49.2889319,-123.1395140,Sushi Aboard
49.2893872,-123.1383867,Olympia Pizza & Pasta Restaurant
49.2911324,-123.1362020,Pho Q&M
49.2910034,-123.1363894,ChiMec Fried Chicken & Burger
49.2889396,-123.1312090,Avohouse Japanese Restaurant
49.2874292,-123.1288956,Good Dogs Plant Foods
49.2812927,-123.0280561,Motonobu Udon
49.2708216,-123.1476574,Oddfish Restaurant
49.2900459,-123.1169510,De Dutch
49.2099129,-123.1182598,Fortune Terrace JOY CAFE
49.2207287,-123.0656439,Celeshmet Restaurant
49.2637024,-123.1107540,Cafe Tica
49.2645868,-123.1150820,La Routa Pizzeria
49.2647518,-123.1150811,Sushi Bang
49.2809639,-123.1221180,Tendon Kohaku
49.2835750,-123.1052681,Waffleland Café
49.2335860,-123.0653188,Sumi Korean Restaurant
49.2386936,-123.0651990,Hẻm 377
49.2810385,-123.1151572,Acquafarina
49.2640311,-123.1762240,Haidilao Hot Pot
49.2642236,-123.1689760,Me + Crepe
49.2642236,-123.1690861,Ramen Densetsu
49.2642344,-123.1694770,Rice and Noodle
49.2642354,-123.1702069,Yakiniku on 9th
49.2400109,-123.0535970,chefhyve
49.2681948,-123.1488640,Chi Vegan
49.2642200,-123.1860823,Jo's Italian Deli
49.2639608,-123.1182500,Kamei on Broadway
49.2828996,-123.0919360,Dosanko Restaurant
49.2653887,-123.1069420,Mangia Cucina & Bar
49.2715315,-123.0694076,Merci Beaucoup Cafe
49.2760388,-123.0696857,Windjammer Restaurant
49.2763140,-123.0693487,Zawa Restaurant
49.2681011,-123.0694672,Kojima Sushi
49.2504434,-123.0343720,Dami Sushi & Korean Restaurant
49.2562688,-123.0892973,The Peri Peri Shack
49.2660335,-123.0844630,Steve's Poké Bar
49.2890079,-123.1319031,Tå Bom Korean Cuisine
49.2910088,-123.1344607,Noodle Arts
49.2898568,-123.1376523,The Basic
49.2867420,-123.1422400,CRAFT Beer Market
49.2718513,-123.1354756,Popina Cantina
49.2729836,-123.1356009,Popina
49.2636891,-123.2080917,Bella Roma
49.2743885,-123.1309865,Auto Strada
49.2850507,-123.1258110,Kosoo
49.2893941,-123.1148812,Anatolia Express
49.2840553,-123.1224340,Gyu King Teppanyaki
49.2641652,-123.1459220,Papaya Hut Restaurant
49.2650193,-123.1458840,Unchai Thai Restaurant
49.2348621,-123.1157596,Bonjour Banh Mi
49.2848035,-123.0662391,Straight & Marrow
49.2804529,-123.0969890,Barbara
49.2426438,-123.0590265,Thanh Xuân Café
49.2566365,-123.0891236,Ba-Le Deli & Bakery
49.2316906,-123.0295705,Dumpling King
49.2778900,-123.1313680,Maxine's Cafe & Bar
49.2395533,-123.0301740,Classic Uyghur Savour
49.2396171,-123.0309020,852 Kitchen
49.2755438,-123.1355396,Beach Ave Bar & Grill
49.2448238,-123.0241648,Border Burrito
49.2713039,-123.1548459,The King's Head Public House
49.2716008,-123.1552190,Kitsilano Natural Foods (restaurant)
49.2644913,-123.1852250,Ton Ton Sushi
49.2631084,-123.1018353,Tatta Chulha
49.2809967,-123.0548870,Enzo's Rustico Romano
49.2637559,-123.1390718,Sushi Master
49.2637595,-123.1391358,5 Spice
49.2894379,-123.1327170,Nam San
49.2637203,-123.1120320,Pokerrito
49.2682381,-123.1669800,The Naam
49.2804535,-123.1073569,Tokyo in April
49.2634253,-123.2089645,Rice Burger
49.2323282,-123.0269420,Canffle
49.2788585,-123.1233752,The Heaven on Granville
49.2861906,-123.1275450,Horin Ramen + Sake
49.2898430,-123.1326201,Zabu Chicken
49.2908178,-123.1341534,Kaneko Hannosuke
49.2336425,-123.0345170,Joojak
49.2327454,-123.0327729,Fresh Legend
49.2791093,-123.1235206,Crave India
49.2791978,-123.1233890,Fresh Donair
49.2808947,-123.1273380,C Prime Modern Italian Steak & Wine
49.2506224,-123.1680028,Moki's Pizza
49.2793624,-123.1074070,Qieu
49.2818772,-123.1235095,Zubu
49.2377816,-123.0326600,Pampanga's Cuisine
49.2377414,-123.0326930,Kumare Express
49.2378160,-123.0326177,Plato Filipino
49.2693513,-123.1388265,Cofu
49.2572960,-123.0897040,The 661
49.2316595,-123.0308111,Hot Pot Master
49.2711813,-123.0693950,Sopra Sotto Pizzeria
49.2707499,-123.0694252,Bar Corso
49.2823835,-123.1045255,Di Beppe
49.2630947,-123.1527749,Yogi-Yo
49.2524055,-123.0809965,Dosa World Indian Restaurants
49.2745140,-123.1256320,Kurotaki
49.2449451,-123.0241155,Chicky Porky
49.2615878,-123.0569252,Boteco Brazil
49.2617954,-123.0568602,Got Pho?
49.2553852,-123.1153376,Baghven
49.3127040,-123.1425860,Prospect Point Bar & Grill
49.2498710,-123.0340403,Kopitiam Malaysia
49.2292745,-123.0905061,Pampanga's Cuisine
49.2636388,-123.1269780,Privé
49.2635399,-123.1238962,Legendary Noodle
49.2635854,-123.1280610,John 3:16 Malaysian Delights
49.2798806,-123.1178090,Assembli
49.2791791,-123.1171300,The Food Story Cuisine
49.2910360,-123.1363444,Buckstop
49.2911074,-123.1362394,Modern Handi Indian Cuisine
49.2876567,-123.1409970,Babylon Restaurant & Bar
49.2881773,-123.1402032,Falafel King
49.2881505,-123.1402521,Ben Gong's Tea
49.2880491,-123.1404023,España Restaurant
49.2885778,-123.1306706,Katsuya Robson
49.2909157,-123.1343070,Pizza Hut
49.2911138,-123.1345739,Pho Express Ankor Noodle House
49.2917397,-123.1353043,Nook
49.2900302,-123.1334933,Pokerrito
49.2901318,-123.1336518,Viet Sub Vietnamese Cuisine
49.2891307,-123.1321209,Pho 37 Vietnamese Restaurant
49.2852965,-123.1262599,CinCin Ristorante + Bar
49.2867846,-123.1243963,Karma Lounge
49.2922784,-123.1339420,Tsukiya
49.2846571,-123.1232480,Eh! Restaurant
49.2862649,-123.1255070,Red Burrito
49.2836513,-123.1044430,Monarca
49.2802282,-123.1218820,Cavo Bar+Kitchen
49.2799776,-123.1216320,Roxy Burger
49.2876345,-123.1410190,Babylon Cafe
49.2320419,-123.0262970,Meet Fan Eatery
49.2866613,-123.1283005,Juewei
49.2863175,-123.1406290,Kesari Kitchen
49.2874208,-123.1412340,Won More Szechuan Cuisine
49.2873068,-123.1414400,The Loft Lounge
49.2803185,-123.1014751,Chinatown BBQ
49.2641806,-123.1662300,Ah Long Sushi
49.2639093,-123.1657872,Mr. Red Cafe
49.2639141,-123.1659273,Nat's New York Pizzaria
49.2868520,-123.1223040,Sciué Italian Bakery Caffé
49.2863855,-123.1227100,Mangez Mangez
49.2643544,-123.1762496,Sahel
49.2879697,-123.1236810,Green Leaf Salad Bar
49.2847824,-123.1103520,Guu
49.2872989,-123.1184030,Kamei Royale
49.2875812,-123.1167610,Tractor
49.2884353,-123.1205374,P2B Restaurant + Bar
49.2896414,-123.1328634,AlHadbah Donair
49.2631268,-123.1191514,River Sushi
49.2636034,-123.1220189,Kisokoma Japanese Restaurant
49.2862756,-123.1156700,Palate Kitchen
49.2634929,-123.1202044,Stages Bistro & Lounge
49.2760811,-123.0696862,Nicli Pronto
49.2761377,-123.0696786,Vancouver Donair
49.2425437,-123.0588071,7th Taste
49.2099097,-123.1166202,Neptune Palace Seafood
49.2640766,-123.1138777,West Coast Poké
49.2585628,-123.0450389,Donair Affair
